Workbook
Name DIV: #REF!
Name suppliers.name: #REF!
Name NP: #REF!
Name NP: #REF!
Name VM: #REF!
Name DIV: #REF!
Name DEPT: #REF!
Name Period: #REF!
Name NP: #REF!
Name VM: #REF!
Name PD: #REF!
Name n.p: #REF!
Name RNYR: #REF!
Name n.p: #REF!
Name suppliers.name: #REF!
Name a: #REF!
Name CO: #REF!
Name YR: #REF!
Name YR: #REF!
Name RNYR: #REF!
Name PD: #REF!
Name Period: #REF!
Name DIV: #REF!
Name a: #REF!
Name DEPT: #REF!
Name Period: #REF!
Name CO: #REF!
Name suppliers.name: #REF!
Name a: #REF!
Name CO: #REF!
Name RNYR: #REF!
Name VM: #REF!
Name n.p: #REF!
Name PD: #REF!
Name YR: #REF!
Name DEPT: #REF!

Sheet A. Process Flow Sample Template
B2: 1. ACTIVITY: INBOUND
B3: STEP # | C3: ELEMENTS | D3: AVE (sec) | E3: MAX(sec) | F3: AVE (min) | G3: MAX(min) | H3: % | I3: BOTTLENECK | J3: RECOMMENDATION
B4: 1 | C4: =A. Process Flow Sample Template!C4 -> #ERROR! | D4: =#REF! -> #REF! | E4: =#REF! -> #REF! | F4: =D4/60 -> #REF! | G4: =E4/60 -> #REF! | H4: =#REF! -> #REF! | I4: =#REF! -> #REF! | J4: =#REF! -> #REF!
B5: TOTAL | D5: =SUM(D4) -> #REF! | E5: =SUM(E4) -> #REF! | F5: =D5/60 -> #REF! | G5: =E5/60 -> #REF! | H5: =sum(H4) -> #REF!
F6: =F5/60 -> #REF!
B7: ACTIVITY: PUTAWAY (HIGH-JUMP)
B8: STEP # | C8: ELEMENTS | D8: AVE (sec) | E8: MAX(sec) | H8: % | I8: BOTTLENECK | J8: RECOMMENDATION
B9: 1 | C9: ='2. PUTAWAY'!C56 -> #REF! | D9: =#REF! -> #REF! | E9: =#REF! -> #REF! | H9: =#REF! -> #REF! | I9: =#REF! -> #REF! | J9: =#REF! -> #REF!
B10: 2 | C10: ='2. PUTAWAY'!C57 -> #REF! | H10: =#REF! -> #REF!
B11: TOTAL | D11: =SUM(D9) -> #REF! | E11: =SUM(E9) -> #REF! | H11: 1
B13: 2. ACTIVITY: PUTAWAY (HATIO)
B14: STEP # | C14: ELEMENTS | D14: AVE (sec) | E14: MAX(sec) | F14: AVE (min) | G14: MAX(min) | H14: % | I14: BOTTLENECK | J14: RECOMMENDATION
B15: 1 | C15: ='2. PUTAWAY'!C9 -> #REF! | D15: ='2. PUTAWAY'!P9 -> #REF! | E15: ='2. PUTAWAY'!Q9 -> #REF! | F15: =D15/60 -> #REF! | G15: =E15/60 -> #REF! | H15: ='2. PUTAWAY'!R9 -> #REF! | I15: ='2. PUTAWAY'!S9 -> #REF! | J15: ='2. PUTAWAY'!T9 -> #REF!
B16: 2 | C16: ='2. PUTAWAY'!C10 -> #REF! | D16: ='2. PUTAWAY'!P10 -> #REF! | E16: ='2. PUTAWAY'!Q10 -> #REF! | F16: =D16/60 -> #REF! | G16: =E16/60 -> #REF! | H16: ='2. PUTAWAY'!R10 -> #REF! | I16: ='2. PUTAWAY'!S10 -> #REF! | J16: ='2. PUTAWAY'!T10 -> #REF!
B17: TOTAL | D17: =sum(D15:D16) -> #REF! | E17: =sum(E15:E16) -> #REF! | F17: =D17/60 -> #REF! | G17: =E17/60 -> #REF! | H17: =sum(H15:H16) -> #REF!
F18: =F17/60 -> #REF!
B19: 3. ACTIVITY: RELEASE OF ORDERS (HIGH-JUMP)
B20: STEP # | C20: ELEMENTS | D20: AVE (sec) | E20: MAX(sec) | F20: AVE (min) | G20: MAX(min) | H20: % | I20: BOTTLENECK | J20: RECOMMENDATION
B21: 1 | C21: ='3. RELEASING OF WAVE ORDERS'!C9 -> #REF! | D21: ='3. RELEASING OF WAVE ORDERS'!P9 -> #REF! | E21: ='3. RELEASING OF WAVE ORDERS'!Q9 -> #REF! | F21: =D21/60 -> #REF! | G21: =E21/60 -> #REF! | H21: ='3. RELEASING OF WAVE ORDERS'!R9 -> #REF! | I21: ='3. RELEASING OF WAVE ORDERS'!S9 -> #REF! | J21: ='3. RELEASING OF WAVE ORDERS'!T9 -> #REF!
B22: 2 | C22: ='3. RELEASING OF WAVE ORDERS'!C10 -> #REF! | D22: ='3. RELEASING OF WAVE ORDERS'!P10 -> #REF! | E22: ='3. RELEASING OF WAVE ORDERS'!Q10 -> #REF! | F22: =D22/60 -> #REF! | G22: =E22/60 -> #REF! | H22: ='3. RELEASING OF WAVE ORDERS'!R10 -> #REF! | I22: ='3. RELEASING OF WAVE ORDERS'!S10 -> #REF! | J22: ='3. RELEASING OF WAVE ORDERS'!T10 -> #REF!
B23: TOTAL | D23: =sum(D21:D22) -> #REF! | E23: =sum(E21:E22) -> #REF! | F23: =D23/60 -> #REF! | G23: =E23/60 -> #REF! | H23: =sum(H21:H22) -> #REF!
B25: 3.1 ACTIVITY: RELEASE OF ORDERS (HATIO)
B26: STEP # | C26: ELEMENTS | D26: AVE (sec) | E26: MAX(sec) | F26: AVE (min) | G26: MAX(min) | H26: % | I26: BOTTLENECK | J26: RECOMMENDATION
B27: 1 | C27: ='3. RELEASING OF WAVE ORDERS'!C36 -> #REF! | D27: ='3. RELEASING OF WAVE ORDERS'!P36 -> #REF! | E27: ='3. RELEASING OF WAVE ORDERS'!Q36 -> #REF! | F27: =D27/60 -> #REF! | G27: =E27/60 -> #REF! | H27: ='3. RELEASING OF WAVE ORDERS'!R36 -> #REF! | I27: ='3. RELEASING OF WAVE ORDERS'!S36 -> #REF! | J27: ='3. RELEASING OF WAVE ORDERS'!T36 -> #REF!
B28: TOTAL | D28: =SUM(D27) -> #REF! | E28: =SUM(E27) -> #REF! | F28: =D28/60 -> #REF! | G28: =E28/60 -> #REF! | H28: =sum(H27) -> #REF!
B30: 4. ACTIVITY: BATCH BY ORDER (HIGH-JUMP)
B31: STEP # | C31: ELEMENTS | D31: AVE (sec) | E31: MAX(sec) | F31: AVE (min) | G31: MAX(min) | H31: % | I31: BOTTLENECK | J31: RECOMMENDATION
B32: 1 | C32: ='4. BATCH BY ORDER'!C9 -> #REF! | D32: ='4. BATCH BY ORDER'!P9 -> #REF! | E32: ='4. BATCH BY ORDER'!Q9 -> #REF! | F32: =D32/60 -> #REF! | G32: =E32/60 -> #REF! | H32: ='4. BATCH BY ORDER'!R9 -> #REF! | I32: ='4. BATCH BY ORDER'!S9 -> #REF! | J32: ='4. BATCH BY ORDER'!T9 -> #REF!
B33: 2 | C33: ='4. BATCH BY ORDER'!C10 -> #REF! | D33: ='4. BATCH BY ORDER'!P10 -> #REF! | E33: ='4. BATCH BY ORDER'!Q10 -> #REF! | F33: =D33/60 -> #REF! | G33: =E33/60 -> #REF! | H33: ='4. BATCH BY ORDER'!R10 -> #REF!
B34: 3 | C34: ='4. BATCH BY ORDER'!C11 -> #REF! | D34: ='4. BATCH BY ORDER'!P11 -> #REF! | E34: ='4. BATCH BY ORDER'!Q11 -> #REF! | F34: =D34/60 -> #REF! | G34: =E34/60 -> #REF! | H34: ='4. BATCH BY ORDER'!R11 -> #REF!
B35: 4 | C35: ='4. BATCH BY ORDER'!C12 -> #REF! | D35: ='4. BATCH BY ORDER'!P12 -> #REF! | E35: ='4. BATCH BY ORDER'!Q12 -> #REF! | F35: =D35/60 -> #REF! | G35: =E35/60 -> #REF! | H35: ='4. BATCH BY ORDER'!R12 -> #REF!
B36: TOTAL | D36: =SUM(D32:D35) -> #REF! | E36: =SUM(E32:E35) -> #REF! | F36: =D36/60 -> #REF! | G36: =E36/60 -> #REF! | H36: =sum(H32:H35) -> #REF! | I36: ='4. BATCH BY ORDER'!S3 -> #REF!
B38: 5. ACTIVITY: SUMMARY OF ORDERS (HIGH-JUMP)
B39: STEP # | C39: ELEMENTS | D39: AVE (sec) | E39: MAX(sec) | F39: AVE (min) | G39: MAX(min) | H39: % | I39: BOTTLENECK | J39: RECOMMENDATION
B40: 1 | C40: ='5. SOP/MOTHER PICKLIST PRINTING'!C9 -> #REF! | D40: ='5. SOP/MOTHER PICKLIST PRINTING'!P9 -> #REF! | E40: ='5. SOP/MOTHER PICKLIST PRINTING'!Q9 -> #REF! | F40: =D40/60 -> #REF! | G40: =E40/60 -> #REF! | H40: ='5. SOP/MOTHER PICKLIST PRINTING'!R9 -> #REF! | I40: ='5. SOP/MOTHER PICKLIST PRINTING'!S9 -> #REF! | J40: ='5. SOP/MOTHER PICKLIST PRINTING'!T9 -> #REF!
B41: TOTAL | D41: =SUM(D40) -> #REF! | E41: =SUM(E40) -> #REF! | F41: =D41/60 -> #REF! | G41: =E41/60 -> #REF! | H41: =sum(H40) -> #REF!
B43: 6. ACTIVITY: WAYBILL PRINTING (HIGH-JUMP)
B44: STEP # | C44: ELEMENTS | D44: AVE (sec) | E44: MAX(sec) | F44: AVE (min) | G44: MAX(min) | H44: % | I44: BOTTLENECK | J44: RECOMMENDATION
B45: 1 | C45: ='6. WAYBILL PRINTING'!C9 -> #REF! | D45: ='6. WAYBILL PRINTING'!P9 -> #REF! | E45: ='6. WAYBILL PRINTING'!Q9 -> #REF! | F45: =D45/60 -> #REF! | G45: =E45/60 -> #REF! | H45: ='6. WAYBILL PRINTING'!R9 -> #REF! | I45: ='6. WAYBILL PRINTING'!S9 -> #REF! | J45: ='6. WAYBILL PRINTING'!T9 -> #REF!
B46: TOTAL | D46: =SUM(D45) -> #REF! | E46: =SUM(E45) -> #REF! | F46: =D46/60 -> #REF! | G46: =E46/60 -> #REF! | H46: =sum(H45) -> #REF!
B48: 7. ACTIVITY: BULK PICKING (HIGH-JUMP)
B49: STEP # | C49: ELEMENTS | D49: AVE (sec) | E49: MAX(sec) | F49: AVE (min) | G49: MAX(min) | H49: % | I49: BOTTLENECK | J49: RECOMMENDATION
B50: 1 | C50: ='7. BULK PICKING'!C9 -> #REF! | D50: ='7. BULK PICKING'!P9 -> #REF! | E50: ='7. BULK PICKING'!Q9 -> #REF! | F50: =D50/60 -> #REF! | G50: =E50/60 -> #REF! | H50: ='7. BULK PICKING'!R9 -> #REF! | I50: ='7. BULK PICKING'!S9 -> #REF! | J50: ='7. BULK PICKING'!T9 -> #REF!
B51: TOTAL | D51: =SUM(D50) -> #REF! | E51: =SUM(E50) -> #REF! | F51: =D51/60 -> #REF! | G51: =E51/60 -> #REF! | H51: =sum(H50) -> #REF!
B53: 8. ACTIVITY: SORTING OF WAYBILL (HIGH-JUMP)
B54: STEP # | C54: ELEMENTS | D54: AVE (sec) | E54: MAX(sec) | F54: AVE (min) | G54: MAX(min) | H54: % | I54: BOTTLENECK | J54: RECOMMENDATION
B55: 1 | C55: ='8. SORTING'!C9 -> #REF! | D55: ='8. SORTING'!P9 -> #REF! | E55: ='8. SORTING'!Q9 -> #REF! | F55: =D55/60 -> #REF! | G55: =E55/60 -> #REF! | H55: ='8. SORTING'!R9 -> #REF! | I55: ='8. SORTING'!S9 -> #REF! | J55: ='8. SORTING'!T9 -> #REF!
B56: 2 | C56: ='8. SORTING'!C10 -> #REF! | D56: ='8. SORTING'!P10 -> #REF! | E56: ='8. SORTING'!Q10 -> #REF! | F56: =D56/60 -> #REF! | G56: =E56/60 -> #REF! | H56: ='8. SORTING'!R10 -> #REF! | I56: ='8. SORTING'!S10 -> #REF! | J56: ='8. SORTING'!T10 -> #REF!
B57: TOTAL | D57: =SUM(D55:D56) -> #REF! | E57: =SUM(E55:E56) -> #REF! | F57: =D57/60 -> #REF! | G57: =E57/60 -> #REF! | H57: =sum(H55:H56) -> #REF!
B60: 8.1 ACTIVITY: SORTING OF PRODUCTS (HIGH-JUMP)
B61: STEP # | C61: ELEMENTS | D61: AVE (sec) | E61: MAX(sec) | F61: AVE (min) | G61: MAX(min) | H61: % | I61: BOTTLENECK | J61: RECOMMENDATION
B62: 1 | C62: ='8. SORTING'!C45 -> #REF! | D62: ='8. SORTING'!P45 -> #REF! | E62: ='8. SORTING'!Q45 -> #REF! | F62: =D62/60 -> #REF! | G62: =E62/60 -> #REF! | H62: ='8. SORTING'!R45 -> #REF! | I62: ='8. SORTING'!S45 -> #REF! | J62: ='8. SORTING'!T45 -> #REF!
B63: TOTAL | D63: =SUM(D62) -> #REF! | E63: =SUM(E62) -> #REF! | F63: =D63/60 -> #REF! | G63: =E63/60 -> #REF! | H63: =sum(H62) -> #REF!
B65: 9. ACTIVITY: ACTUAL PICKING (HIGH-JUMP)
B66: STEP # | C66: ELEMENTS | D66: AVE (sec) | E66: MAX(sec) | F66: AVE (min) | G66: MAX(min) | H66: % | I66: BOTTLENECK | J66: RECOMMENDATION
B67: 1 | C67: ='9. PICKING'!C8 -> #REF! | D67: ='9. PICKING'!P8 -> #REF! | E67: ='9. PICKING'!Q8 -> #REF! | F67: =D67/60 -> #REF! | G67: =E67/60 -> #REF! | H67: ='9. PICKING'!R8 -> #REF! | I67: ='9. PICKING'!S8 -> #REF! | J67: ='9. PICKING'!T8 -> #REF!
B68: TOTAL | D68: =SUM(D67) -> #REF! | E68: =SUM(E67) -> #REF! | F68: =D68/60 -> #REF! | G68: =E68/60 -> #REF! | H68: =sum(H67) -> #REF!
B70: 9.1 ACTIVITY: PICKING MONDELEZ (HATIO)
B71: STEP # | C71: ELEMENTS | D71: AVE (sec) | E71: MAX(sec) | F71: AVE (min) | G71: MAX(min) | H71: % | I71: BOTTLENECK | J71: RECOMMENDATION
B72: 1 | C72: ='9. PICKING'!C41 -> #REF! | D72: ='9. PICKING'!P41 -> #REF! | E72: ='9. PICKING'!Q41 -> #REF! | F72: =D72/60 -> #REF! | G72: =E72/60 -> #REF! | H72: ='9. PICKING'!R41 -> #REF! | I72: ='9. PICKING'!S41 -> #REF! | J72: ='9. PICKING'!T41 -> #REF!
B73: 2 | C73: ='9. PICKING'!C42 -> #REF! | D73: ='9. PICKING'!P42 -> #REF! | E73: ='9. PICKING'!Q42 -> #REF! | F73: =D73/60 -> #REF! | G73: =E73/60 -> #REF! | H73: ='9. PICKING'!R42 -> #REF! | I73: ='9. PICKING'!S42 -> #REF! | J73: ='9. PICKING'!T42 -> #REF!
B74: TOTAL | D74: =SUM(D72:D73) -> #REF! | E74: =SUM(E72:E73) -> #REF! | F74: =D74/60 -> #REF! | G74: =E74/60 -> #REF! | H74: =sum(H72:H73) -> #REF!
B76: 9.2 ACTIVITY: PICKING PILIMICO (HATIO)
B77: STEP # | C77: ELEMENTS | D77: AVE (sec) | E77: MAX(sec) | F77: AVE (min) | G77: MAX(min) | H77: % | I77: BOTTLENECK | J77: RECOMMENDATION
B78: 1 | C78: ='9. PICKING'!C79 -> #REF! | D78: ='9. PICKING'!P79 -> #REF! | E78: ='9. PICKING'!Q79 -> #REF! | F78: =D78/60 -> #REF! | G78: =E78/60 -> #REF! | H78: ='9. PICKING'!R79 -> #REF! | I78: ='9. PICKING'!S79 -> #REF! | J78: ='9. PICKING'!T79 -> #REF!
B79: 2 | C79: ='9. PICKING'!C80 -> #REF! | D79: ='9. PICKING'!P80 -> #REF! | E79: ='9. PICKING'!Q80 -> #REF! | F79: =D79/60 -> #REF! | G79: =E79/60 -> #REF! | H79: ='9. PICKING'!R80 -> #REF! | I79: ='9. PICKING'!S80 -> #REF! | J79: ='9. PICKING'!T80 -> #REF!
B80: TOTAL | D80: =SUM(D78:D79) -> #REF! | E80: =SUM(E78:E79) -> #REF! | F80: =D80/60 -> #REF! | G80: =E80/60 -> #REF! | H80: =sum(H78:H79) -> #REF!
B82: 9.3 ACTIVITY: PICKING SLB (HATIO)
B83: STEP # | C83: ELEMENTS | D83: AVE (sec) | E83: MAX(sec) | F83: AVE (min) | G83: MAX(min) | H83: % | I83: BOTTLENECK | J83: RECOMMENDATION
B84: 1 | C84: ='9. PICKING'!C123 -> #REF! | D84: ='9. PICKING'!P123 -> #REF! | E84: ='9. PICKING'!Q123 -> #REF! | F84: =D84/60 -> #REF! | G84: =E84/60 -> #REF! | H84: ='9. PICKING'!R123 -> #REF! | I84: ='9. PICKING'!S123 -> #REF! | J84: ='9. PICKING'!T123 -> #REF!
B85: 2 | C85: ='9. PICKING'!C124 -> #REF! | D85: ='9. PICKING'!P124 -> #REF! | E85: ='9. PICKING'!Q124 -> #REF! | F85: =D85/60 -> #REF! | G85: =E85/60 -> #REF! | H85: ='9. PICKING'!R124 -> #REF! | I85: ='9. PICKING'!S124 -> #REF! | J85: ='9. PICKING'!T124 -> #REF!
B86: TOTAL | D86: =SUM(D84:D85) -> #REF! | E86: =SUM(E84:E85) -> #REF! | F86: =D86/60 -> #REF! | G86: =E86/60 -> #REF! | H86: =sum(H84:H85) -> #REF!
B88: 10. ACTIVITY: QUALITY CHECKING - MANUAL CHECKING SMALL - (HIGH-JUMP)
B89: STEP # | C89: ELEMENTS | D89: AVE (sec) | E89: MAX(sec) | F89: AVE (min) | G89: MAX(min) | H89: % | I89: BOTTLENECK | J89: RECOMMENDATION
B90: 1 | C90: ='10. QUALITY CHECKING'!C9 -> Checking Items According to the Picklist -(PO,Name of Customers,SKU of item,Quantity,Sign the Picklist) -Transfer Basket to Q.C 3 | D90: ='10. QUALITY CHECKING-REVISED'!P45 -> #REF! | E90: ='10. QUALITY CHECKING-REVISED'!Q45 -> #REF! | F90: =D90/60 -> #REF! | G90: =E90/60 -> #REF! | H90: ='10. QUALITY CHECKING-REVISED'!R45 -> #REF! | I90: ='10. QUALITY CHECKING-REVISED'!S45 -> #REF! | J90: ='10. QUALITY CHECKING-REVISED'!T45 -> #REF!
B91: TOTAL | D91: =SUM(D90) -> #REF! | E91: =SUM(E90) -> #REF! | F91: =D91/60 -> #REF! | G91: =E91/60 -> #REF! | H91: =sum(H90) -> #REF!
B93: 10.1 ACTIVITY: QUALITY CHECKING - MANUAL CHECKING MEDIUM (HIGH-JUMP)
B94: STEP # | C94: ELEMENTS | D94: AVE (sec) | E94: MAX(sec) | F94: AVE (min) | G94: MAX(min) | H94: % | I94: BOTTLENECK | J94: RECOMMENDATION
B95: 1 | C95: ='10. QUALITY CHECKING-REVISED'!C80 -> #REF! | D95: ='10. QUALITY CHECKING-REVISED'!P80 -> #REF! | E95: ='10. QUALITY CHECKING-REVISED'!Q80 -> #REF! | F95: =D95/60 -> #REF! | G95: =E95/60 -> #REF! | H95: ='10. QUALITY CHECKING-REVISED'!R80 -> #REF! | I95: ='10. QUALITY CHECKING-REVISED'!S80 -> #REF! | J95: ='10. QUALITY CHECKING-REVISED'!T80 -> #REF!
B96: TOTAL | D96: =SUM(D95) -> #REF! | E96: =SUM(E95) -> #REF! | F96: =D96/60 -> #REF! | G96: =E96/60 -> #REF! | H96: =sum(H95) -> #REF!
B98: 10.2 ACTIVITY: QUALITY CHECKING - MANUAL CHECKING LARGE TO BULKY (HIGH-JUMP)
B99: STEP # | C99: ELEMENTS | D99: AVE (sec) | E99: MAX(sec) | F99: AVE (min) | G99: MAX(min) | H99: % | I99: BOTTLENECK | J99: RECOMMENDATION
B100: 1 | C100: ='10. QUALITY CHECKING-REVISED'!C115 -> #REF! | D100: ='10. QUALITY CHECKING-REVISED'!P115 -> #REF! | E100: ='10. QUALITY CHECKING-REVISED'!Q115 -> #REF! | F100: =D100/60 -> #REF! | G100: =E100/60 -> #REF! | H100: ='10. QUALITY CHECKING-REVISED'!R115 -> #REF! | I100: ='10. QUALITY CHECKING-REVISED'!S115 -> #REF! | J100: ='10. QUALITY CHECKING-REVISED'!T115 -> #REF!
B101: TOTAL | D101: =SUM(D100) -> #REF! | E101: =SUM(E100) -> #REF! | F101: =D101/60 -> #REF! | G101: =E101/60 -> #REF! | H101: =sum(H100) -> #REF!
B103: 10.3 ACTIVITY: QUALITY CHECKING - SCANNING PACKER ASSIGNMENT (HIGH-JUMP)
B104: STEP # | C104: ELEMENTS | D104: AVE (sec) | E104: MAX(sec) | F104: AVE (min) | G104: MAX(min) | H104: % | I104: BOTTLENECK | J104: RECOMMENDATION
B105: 1 | C105: ='10. QUALITY CHECKING-REVISED'!C151 -> #REF! | D105: ='10. QUALITY CHECKING-REVISED'!P151 -> #REF! | E105: ='10. QUALITY CHECKING-REVISED'!Q151 -> #REF! | F105: =D105/60 -> #REF! | G105: =E105/60 -> #REF! | H105: ='10. QUALITY CHECKING-REVISED'!R151 -> #REF! | I105: ='10. QUALITY CHECKING-REVISED'!S151 -> #REF! | J105: ='10. QUALITY CHECKING-REVISED'!T151 -> #REF!
B106: TOTAL | D106: =SUM(D105) -> #REF! | E106: =SUM(E105) -> #REF! | F106: =D106/60 -> #REF! | G106: =E106/60 -> #REF! | H106: =sum(H105) -> #REF!
B108: 10.4 ACTIVITY: QUALITY CHECKING - SMALL - (HATIO)
B109: STEP # | C109: ELEMENTS | D109: AVE (sec) | E109: MAX(sec) | F109: AVE (min) | G109: MAX(min) | H109: % | I109: BOTTLENECK | J109: RECOMMENDATION
B110: 1 | C110: ='10. QUALITY CHECKING-REVISED'!C180 -> #REF! | D110: ='10. QUALITY CHECKING-REVISED'!P180 -> #REF! | E110: ='10. QUALITY CHECKING-REVISED'!Q180 -> #REF! | F110: =D110/60 -> #REF! | G110: =E110/60 -> #REF! | H110: ='10. QUALITY CHECKING-REVISED'!R180 -> #REF! | I110: ='10. QUALITY CHECKING-REVISED'!S180 -> #REF! | J110: ='10. QUALITY CHECKING-REVISED'!T180 -> #REF!
B111: 2 | C111: ='10. QUALITY CHECKING-REVISED'!C181 -> #REF! | D111: ='10. QUALITY CHECKING-REVISED'!P181 -> #REF! | E111: ='10. QUALITY CHECKING-REVISED'!Q181 -> #REF! | F111: =D111/60 -> #REF! | G111: =E111/60 -> #REF! | H111: ='10. QUALITY CHECKING-REVISED'!R181 -> #REF! | I111: ='10. QUALITY CHECKING-REVISED'!S181 -> #REF! | J111: ='10. QUALITY CHECKING-REVISED'!T181 -> #REF!
B112: TOTAL | D112: =SUM(D110:D111) -> #REF! | E112: =SUM(E110:E111) -> #REF! | F112: =D112/60 -> #REF! | G112: =E112/60 -> #REF! | H112: =sum(H110:H111) -> #REF!
B114: 10.4 ACTIVITY: QUALITY CHECKING - MEDIUM - (HATIO)
B115: STEP # | C115: ELEMENTS | D115: AVE (sec) | E115: MAX(sec) | F115: AVE (min) | G115: MAX(min) | H115: % | I115: BOTTLENECK | J115: RECOMMENDATION
B116: 1 | C116: ='10. QUALITY CHECKING-REVISED'!C216 -> #REF! | D116: ='10. QUALITY CHECKING-REVISED'!P216 -> #REF! | E116: ='10. QUALITY CHECKING-REVISED'!Q216 -> #REF! | F116: =D116/60 -> #REF! | G116: =E116/60 -> #REF! | H116: ='10. QUALITY CHECKING-REVISED'!R216 -> #REF! | I116: ='10. QUALITY CHECKING-REVISED'!S216 -> #REF! | J116: ='10. QUALITY CHECKING-REVISED'!T216 -> #REF!
B117: 2 | C117: ='10. QUALITY CHECKING-REVISED'!C217 -> #REF! | D117: ='10. QUALITY CHECKING-REVISED'!P217 -> #REF! | E117: ='10. QUALITY CHECKING-REVISED'!Q217 -> #REF! | F117: =D117/60 -> #REF! | G117: =E117/60 -> #REF! | H117: ='10. QUALITY CHECKING-REVISED'!R217 -> #REF! | I117: ='10. QUALITY CHECKING-REVISED'!S217 -> #REF! | J117: ='10. QUALITY CHECKING-REVISED'!T217 -> #REF!
B118: TOTAL | D118: =SUM(D116:D117) -> #REF! | E118: =SUM(E116:E117) -> #REF! | F118: =D118/60 -> #REF! | G118: =E118/60 -> #REF! | H118: =sum(H116:H117) -> #REF!
B120: 10.5 ACTIVITY: QUALITY CHECKING - LARGE - (HATIO)
B121: STEP # | C121: ELEMENTS | D121: AVE (sec) | E121: MAX(sec) | F121: AVE (min) | G121: MAX(min) | H121: % | I121: BOTTLENECK | J121: RECOMMENDATION
...

Sheet B. Assmptns,Vlme,Prdctvty
C3: I. ASSUMPTIONS
C5: Operating Hours | E5: UOM (unit of measurement)
C6: No. of Weeks per Year (2021) | D6: 52 | E6: weeks
C7: No. of Weeks per Month | D7: =D6/12 -> 4.3333333 | E7: weeks
C8: No. of Days per Month | D8: =D7*6 -> 26 | E8: days
C9: Working Hours per Day | D9: 8 | E9: hours
C11: Reference:
C12: https://www.timeanddate.com/date/workdays.html?d1=1&m1=1&y1=2021&d2=31&m2=12&y2=2021&ti=on&
C15: II. VOLUME
D16: Existing Volume | E16: 40% Volume Increase
C17: Ave No. of Stores per Pick-up | D17: 35 | E17: =D17*1.4 -> 49
C18: Ave No. of Trucks (Ave: 3 drops) per day | D18: =D17/3 -> 11.666667 | E18: =E17/3 -> 16.333333
C19: Number of Pallets per Pick-up | D19: 17 | E19: =E21/1.3 -> 56
C20: Ave No. of 10W per Pick-up | D20: 1 | E20: =D20*1.4 -> 1.4
C21: Ave No. of CBM per day | D21: 52 | E21: =D21*1.4 -> 72.8
C22: Ave Weight per Pick-up | D22: 18790.163 | E22: =D22*1.4 -> 26306.228
C23: Ave Invoice Value per Pick-up | D23: 1013938.8 | E23: =D23*1.4 -> 1419514.3
C24: Ave. No of Pallets per day | D24: =D21/(1.2*1.1*1) -> 39.393939 | E24: =D24*1.4 -> 55.151515
C26: II. PRODUCTIVITY SUMMARY
B27: NO | C27: PROCESS | D27: UOM | E27: Standard Time per Unit (secs) | F27: Standard Time per Unit (minutes) | G27: Productivity Unit per Man-hour | H27: Productivity Unit per Man-day @ 8 hrs
B28: 1 | D28: Per Box | E28: =#REF! -> #REF! | F28: =E28/60 -> #REF! | G28: =#REF! -> #REF! | H28: =G28*8 -> #REF!
D29: Per Item | E29: =#REF! -> #REF! | F29: =E29/60 -> #REF! | G29: =#REF! -> #REF! | H29: =G29*8 -> #REF!
D30: Per Pallet | E30: =#REF! -> #REF! | F30: =E30/60 -> #REF! | G30: =#REF! -> #REF! | H30: =G30*8 -> #REF!
D31: Per Sales Invoice | E31: =#REF! -> #REF! | F31: =E31/60 -> #REF! | G31: =#REF! -> #REF! | H31: =G31*8 -> #REF!
B33: 2 | D33: Per Item | E33: ='2. PUTAWAY'!N36 -> #REF! | F33: =E33/60 -> #REF! | G33: ='2. PUTAWAY'!N37 -> #REF! | H33: =G33*8 -> #REF!
D34: Per Sales Invoice | E34: ='2. PUTAWAY'!N29 -> #REF! | F34: =E34/60 -> #REF! | G34: ='2. PUTAWAY'!N30 -> #REF! | H34: =G34*8 -> #REF!
D35: Per Box | E35: ='2. PUTAWAY'!N43 -> #REF! | F35: =E35/60 -> #REF! | G35: ='2. PUTAWAY'!N44 -> #REF! | H35: =G35*8 -> #REF!
D36: Per Item | E36: ='2. PUTAWAY'!N36 -> #REF! | F36: =E36/60 -> #REF! | G36: ='2. PUTAWAY'!N75 -> #REF! | H36: =G36*8 -> #REF!
D37: Per Box | E37: ='2. PUTAWAY'!N43 -> #REF! | F37: =E37/60 -> #REF! | G37: ='2. PUTAWAY'!N82 -> #REF! | H37: =G37*8 -> #REF!
B39: 3 | D39: Per Order | E39: ='3. RELEASING OF WAVE ORDERS'!N25 -> #REF! | F39: =E39/60 -> #REF! | G39: ='3. RELEASING OF WAVE ORDERS'!N26 -> #REF! | H39: =G39*8 -> #REF!
D41: Per Batch | E41: ='3. RELEASING OF WAVE ORDERS'!N53 -> #REF! | F41: =E41/60 -> #REF! | G41: ='3. RELEASING OF WAVE ORDERS'!N54 -> #REF! | H41: =G41*8 -> #REF!
D42: Per Order | E42: ='3. RELEASING OF WAVE ORDERS'!N59 -> #REF! | F42: =E42/60 -> #REF! | G42: ='3. RELEASING OF WAVE ORDERS'!N60 -> #REF! | H42: =G42*8 -> #REF!
B44: 4 | D44: Per Order | E44: ='4. BATCH BY ORDER'!N29 -> #REF! | F44: =E44/60 -> #REF! | G44: ='4. BATCH BY ORDER'!N30 -> #REF! | H44: =G44*8 -> #REF!
D45: Per Wave | E45: ='4. BATCH BY ORDER'!N35 -> #REF! | F45: =E45/60 -> #REF! | G45: ='4. BATCH BY ORDER'!N36 -> #REF! | H45: =G45*8 -> #REF!
B47: 5 | D47: Per Wave | E47: ='5. SOP/MOTHER PICKLIST PRINTING'!N34 -> #REF! | F47: =E47/60 -> #REF! | G47: ='5. SOP/MOTHER PICKLIST PRINTING'!N35 -> #REF! | H47: =G47*8 -> #REF!
D48: Per SOP/Mother Picklist | E48: ='5. SOP/MOTHER PICKLIST PRINTING'!N28 -> #REF! | F48: =E48/60 -> #REF! | G48: ='5. SOP/MOTHER PICKLIST PRINTING'!N29 -> #REF! | H48: =G48*8 -> #REF!
D49: Per Order | E49: ='5. SOP/MOTHER PICKLIST PRINTING'!N40 -> #REF! | F49: =E49/60 -> #REF! | G49: ='5. SOP/MOTHER PICKLIST PRINTING'!N41 -> #REF! | H49: =G49*8 -> #REF!
B51: 6 | D51: Per Waybill/Order | E51: ='6. WAYBILL PRINTING'!N27 -> #REF! | F51: =E51/60 -> #REF! | G51: ='6. WAYBILL PRINTING'!N28 -> #REF! | H51: =G51*8 -> #REF!
D52: Per Wave | E52: ='6. WAYBILL PRINTING'!N34 -> #REF! | F52: =E52/60 -> #REF! | G52: ='6. WAYBILL PRINTING'!N35 -> #REF! | H52: =G52*8 -> #REF!
B54: 7 | D54: Per Wave | E54: ='7. BULK PICKING'!N47 -> #REF! | F54: =E54/60 -> #REF! | G54: ='7. BULK PICKING'!N48 -> #REF! | H54: =G54*8 -> #REF!
D55: Per SI/PO | E55: ='7. BULK PICKING'!N35 -> #REF! | F55: =E55/60 -> #REF! | G55: ='7. BULK PICKING'!N36 -> #REF! | H55: =G55*8 -> #REF!
D56: Per Order | E56: ='7. BULK PICKING'!N29 -> #REF! | F56: =E56/60 -> #REF! | G56: ='7. BULK PICKING'!N30 -> #REF! | H56: =G56*8 -> #REF!
D57: Per Item | E57: ='7. BULK PICKING'!N41 -> #REF! | F57: =E57/60 -> #REF! | G57: ='7. BULK PICKING'!N42 -> #REF! | H57: =G57*8 -> #REF!
B59: 8 | D59: Per Wave | E59: ='8. SORTING'!N27 -> #REF! | F59: =E59/60 -> #REF! | G59: ='8. SORTING'!N28 -> #REF! | H59: =G59*8 -> #REF!
D60: Per order | E60: ='8. SORTING'!N33 -> #REF! | F60: =E60/60 -> #REF! | G60: ='8. SORTING'!N34 -> #REF! | H60: =G60*8 -> #REF!
D61: Per Item | E61: ='8. SORTING'!N61 -> #REF! | F61: =E61/60 -> #REF! | G61: ='8. SORTING'!N62 -> #REF! | H61: =G61*8 -> #REF!
D62: Per Wave | E62: ='8. SORTING'!N67 -> #REF! | F62: =E62/60 -> #REF! | G62: ='8. SORTING'!N68 -> #REF! | H62: =G62*8 -> #REF!
B64: 9 | D64: Per Order | E64: ='9. PICKING'!N24 -> #REF! | F64: =E64/60 -> #REF! | G64: ='9. PICKING'!N25 -> #REF! | H64: =G64*8 -> #REF!
D65: Per Item | E65: ='9. PICKING'!N30 -> #REF! | F65: =E65/60 -> #REF! | G65: ='9. PICKING'!N31 -> #REF! | H65: =G65*8 -> #REF!
D66: Per Order | E66: ='9. PICKING'!N60 -> #REF! | F66: =E66/60 -> #REF! | G66: ='9. PICKING'!N61 -> #REF! | H66: =G66*8 -> #REF!
D67: Per Item | E67: ='9. PICKING'!N66 -> #REF! | F67: =E67/60 -> #REF! | G67: ='9. PICKING'!N67 -> #REF! | H67: =G67*8 -> #REF!
D68: Per Order | E68: ='9. PICKING'!N98 -> #REF! | F68: =E68/60 -> #REF! | G68: ='9. PICKING'!N99 -> #REF! | H68: =G68*8 -> #REF!
D69: Per Cart | E69: ='9. PICKING'!N104 -> #REF! | F69: =E69/60 -> #REF! | G69: ='9. PICKING'!N105 -> #REF! | H69: =G69*8 -> #REF!
D70: Per Item | E70: ='9. PICKING'!N110 -> #REF! | F70: =E70/60 -> #REF! | G70: ='9. PICKING'!N111 -> #REF! | H70: =G70*8 -> #REF!
D71: Per Order | E71: ='9. PICKING'!N143 -> #REF! | F71: =E71/60 -> #REF! | G71: ='9. PICKING'!N144 -> #REF! | H71: =G71*8 -> #REF!
D72: Per Pallet | E72: ='9. PICKING'!N149 -> #REF! | F72: =E72/60 -> #REF! | G72: ='9. PICKING'!N150 -> #REF! | H72: =G72*8 -> #REF!
D73: Per Item | E73: ='9. PICKING'!N155 -> #REF! | F73: =E73/60 -> #REF! | G73: ='9. PICKING'!N156 -> #REF! | H73: =G73*8 -> #REF!
B75: 10 | D75: Per Order | E75: ='10. QUALITY CHECKING-REVISED'!N62 -> #REF! | F75: =E75/60 -> #REF! | G75: ='10. QUALITY CHECKING-REVISED'!N63 -> #REF! | H75: =G75*8 -> #REF!
D76: Per Item | E76: ='10. QUALITY CHECKING-REVISED'!N68 -> #REF! | F76: =E76/60 -> #REF! | G76: ='10. QUALITY CHECKING-REVISED'!N69 -> #REF! | H76: =G76*8 -> #REF!
D77: Per Order | E77: ='10. QUALITY CHECKING-REVISED'!N97 -> #REF! | F77: =E77/60 -> #REF! | G77: ='10. QUALITY CHECKING-REVISED'!N98 -> #REF! | H77: =G77*8 -> #REF!
D78: Per Item | E78: ='10. QUALITY CHECKING-REVISED'!N103 -> #REF! | F78: =E78/60 -> #REF! | G78: ='10. QUALITY CHECKING-REVISED'!N104 -> #REF! | H78: =G78*8 -> #REF!
D79: Per Order | E79: ='10. QUALITY CHECKING-REVISED'!N132 -> #REF! | F79: =E79/60 -> #REF! | G79: ='10. QUALITY CHECKING-REVISED'!N133 -> #REF! | H79: =G79*8 -> #REF!
D80: Per Item | E80: ='10. QUALITY CHECKING-REVISED'!N138 -> #REF! | F80: =E80/60 -> #REF! | G80: ='10. QUALITY CHECKING-REVISED'!N139 -> #REF! | H80: =G80*8 -> #REF!
D81: Per Basket | E81: ='10. QUALITY CHECKING-REVISED'!N166 -> #REF! | F81: =E81/60 -> #REF! | G81: ='10. QUALITY CHECKING-REVISED'!N167 -> #REF! | H81: =G81*8 -> #REF!
D82: Per Order | E82: ='10. QUALITY CHECKING-REVISED'!N198 -> #REF! | F82: =E82/60 -> #REF! | G82: ='10. QUALITY CHECKING-REVISED'!N199 -> #REF! | H82: =G82*8 -> #REF!
D83: Per Item | E83: ='10. QUALITY CHECKING-REVISED'!N204 -> #REF! | F83: =E83/60 -> #REF! | G83: ='10. QUALITY CHECKING-REVISED'!N205 -> #REF! | H83: =G83*8 -> #REF!
D84: Per Order | E84: ='10. QUALITY CHECKING-REVISED'!N234 -> #REF! | F84: =E84/60 -> #REF! | G84: ='10. QUALITY CHECKING-REVISED'!N235 -> #REF! | H84: =G84*8 -> #REF!
D85: Per Item | E85: ='10. QUALITY CHECKING-REVISED'!N240 -> #REF! | F85: =E85/60 -> #REF! | G85: ='10. QUALITY CHECKING-REVISED'!N241 -> #REF! | H85: =G85*8 -> #REF!
D86: Per Order | E86: ='10. QUALITY CHECKING-REVISED'!N268 -> #REF! | F86: =E86/60 -> #REF! | G86: ='10. QUALITY CHECKING-REVISED'!N269 -> #REF! | H86: =G86*8 -> #REF!
D87: Per Item | E87: ='10. QUALITY CHECKING-REVISED'!N274 -> #REF! | F87: =E87/60 -> #REF! | G87: ='10. QUALITY CHECKING-REVISED'!N275 -> #REF! | H87: =G87*8 -> #REF!
D88: Per Order | E88: ='10. QUALITY CHECKING-REVISED'!N303 -> #REF! | F88: =E88/60 -> #REF! | G88: ='10. QUALITY CHECKING'!N126 -> 10.454601 | H88: =G88*8 -> 83.636807
B90: 11 | D90: Per Order | E90: ='11. PACKING'!N26 -> #REF! | F90: =E90/60 -> #REF! | G90: ='11. PACKING'!N27 -> #REF! | H90: =G90*8 -> #REF!
D91: Per Item | E91: ='11. PACKING'!N32 -> #REF! | F91: =E91/60 -> #REF! | G91: ='11. PACKING'!N33 -> #REF! | H91: =G91*8 -> #REF!
D92: Per Order | E92: ='11. PACKING'!N64 -> #REF! | F92: =E92/60 -> #REF! | G92: ='11. PACKING'!N65 -> #REF! | H92: =G92*8 -> #REF!
D93: Per Item | E93: ='11. PACKING'!N70 -> #REF! | F93: =E93/60 -> #REF! | G93: ='11. PACKING'!N71 -> #REF! | H93: =G93*8 -> #REF!
D94: Per Order | E94: ='11. PACKING'!N101 -> #REF! | F94: =E94/60 -> #REF! | G94: ='11. PACKING'!N102 -> #REF! | H94: =G94*8 -> #REF!
D95: Per Item | E95: ='11. PACKING'!N107 -> #REF! | F95: =E95/60 -> #REF! | G95: ='11. PACKING'!N108 -> #REF! | H95: =G95*8 -> #REF!
D96: Per Order | E96: ='11. PACKING'!N138 -> #REF! | F96: =E96/60 -> #REF! | G96: ='11. PACKING'!N139 -> #REF! | H96: =G96*8 -> #REF!
D97: Per Item | E97: ='11. PACKING'!N144 -> #REF! | F97: =E97/60 -> #REF! | G97: ='11. PACKING'!N145 -> #REF! | H97: =G97*8 -> #REF!
D98: Per Order | E98: ='11. PACKING'!N209 -> #REF! | F98: =E98/60 -> #REF! | G98: ='11. PACKING'!N210 -> #REF! | H98: =G98*8 -> #REF!
D99: Per Item | E99: ='11. PACKING'!N215 -> #REF! | F99: =E99/60 -> #REF! | G99: ='11. PACKING'!N216 -> #REF! | H99: =G99*8 -> #REF!
D100: Per Order | E100: ='11. PACKING'!N248 -> #REF! | F100: =E100/60 -> #REF! | G100: ='11. PACKING'!N249 -> #REF! | H100: =G100*8 -> #REF!
D101: Per Item | E101: ='11. PACKING'!N254 -> #REF! | F101: =E101/60 -> #REF! | G101: ='11. PACKING'!N255 -> #REF! | H101: =G101*8 -> #REF!
D102: Per Order | E102: ='11. PACKING'!N286 -> #REF! | F102: =E102/60 -> #REF! | G102: ='11. PACKING'!N287 -> #REF! | H102: =G102*8 -> #REF!
D103: Per Item | E103: ='11. PACKING'!N292 -> #REF! | F103: =E103/60 -> #REF! | G103: ='11. PACKING'!N293 -> #REF! | H103: =G103*8 -> #REF!
D104: Per Order | E104: ='11. PACKING'!N173 -> #REF! | F104: =E104/60 -> #REF! | G104: ='11. PACKING'!N174 -> #REF! | H104: =G104*8 -> #REF!
D105: Per Item | E105: ='11. PACKING'!N179 -> #REF! | F105: =E105/60 -> #REF! | G105: ='11. PACKING'!N180 -> #REF! | H105: =G105*8 -> #REF!
B107: 12 | D107: Per Order | E107: ='12. LOADSHIP'!N26 -> #REF! | F107: =E107/60 -> #REF! | G107: ='12. LOADSHIP'!N27 -> #REF! | H107: =G107*8 -> #REF!
D108: Per Item | E108: ='12. LOADSHIP'!N33 -> #REF! | F108: =E108/60 -> #REF! | G108: ='12. LOADSHIP'!N34 -> #REF! | H108: =G108*8 -> #REF!
B110: 13 | D110: Per Parcel | E110: ='13. OUTBOUND'!N28 -> #REF! | F110: =E110/60 -> #REF! | G110: ='13. OUTBOUND'!N29 -> #REF! | H110: =G110*8 -> #REF!
D111: Per Courier | E111: ='13. OUTBOUND'!N34 -> #REF! | F111: =E111/60 -> #REF! | G111: ='13. OUTBOUND'!N35 -> #REF! | H111: =G111*8 -> #REF!
B113: 14 | D113: Per Order | E113: ='14. RETURNS'!N28 -> #REF! | F113: =E113/60 -> #REF! | G113: ='14. RETURNS'!N29 -> #REF! | H113: =G113*8 -> #REF!
D114: Per Item | E114: ='14. RETURNS'!N35 -> #REF! | F114: =E114/60 -> #REF! | G114: ='14. RETURNS'!N36 -> #REF! | H114: =G114*8 -> #REF!
D115: Per Parcel | E115: ='14. RETURNS'!N68 -> #REF! | F115: =E115/60 -> #REF! | G115: ='14. RETURNS'!N69 -> #REF! | H115: =G115*8 -> #REF!
D116: Per Item | E116: ='14. RETURNS'!N74 -> #REF! | F116: =E116/60 -> #REF! | G116: ='14. RETURNS'!N75 -> #REF! | H116: =G116*8 -> #REF!
B118: 15 | F118: =E118/60 -> 0 | H118: =G118*8 -> 0

Sheet PROD SUMMARY 2
A1: PRODUCTIVITY SUMMARY
A2: PROCESS | B2: UOM | C2: Standard Time per Unit (secs) | D2: Standard Time per Unit (minutes) | E2: Productivity Unit per Man-hour | F2: Productivity Unit per Man-day @ 8 hrs
A3: PICKLIST,STORE LABEL ID & WAYBILL PREPARATION | B3: per Waybill | C3: ='PICKING-MONDELEZ'!#REF! -> #ERROR! | D3: =C3/60 -> #ERROR! | E3: ='PICKING-MONDELEZ'!#REF! -> #ERROR! | F3: =E3*8 -> #ERROR!
A4: Unloading | B4: Per Pallet | C4: =#REF! -> #REF! | D4: =C4/60 -> #REF! | E4: =#REF! -> #REF! | F4: =E4*8 -> #REF!
A5: Sorting | B5: Per Store/Waybill | C5: =#REF! -> #REF! | D5: =C5/60 -> #REF! | E5: =#REF! -> #REF! | F5: =E5*8 -> #REF!
B6: Per Pallet | C6: =#REF! -> #REF! | D6: =C6/60 -> #REF! | E6: =#REF! -> #REF! | F6: =E6*8 -> #REF!
B7: Per Box | C7: =#REF! -> #REF! | D7: =C7/60 -> #REF! | E7: =#REF! -> #REF! | F7: =E7*8 -> #REF!
B8: Per Amount | C8: =#REF! -> #REF! | D8: =C8/60 -> #REF! | E8: =#REF! -> #REF! | F8: =E8*8 -> #REF!
A9: Dispatching | B9: Per Box | C9: =#REF! -> #REF! | D9: =C9/60 -> #REF! | E9: =#REF! -> #REF! | F9: =E9*8 -> #REF!
B10: Per Truck | C10: =#REF! -> #REF! | D10: =C10/60 -> #REF! | E10: =#REF! -> #REF! | F10: =E10*8 -> #REF!
B11: Per Waybill/Store | C11: =#REF! -> #REF! | D11: =C11/60 -> #REF! | E11: =#REF! -> #REF! | F11: =E11*8 -> #REF!

Sheet SUMMARY
B4: Work Environment | C4: Allowances | D4: Minutes
B5: Temperature | C5: 0.01 | D5: 4.8
B6: Noise | C6: 0.02 | D6: 9.6
B7: Posture | C7: 0.02 | D7: 9.6
B8: Total | C8: =sum(C5:C7) -> 0.05 | D8: 24 | E8: Note: Additional 5% on Put-Away Process for the Machine Allowance
B10: Manpower Requirement (AVERAGE)
B11: ACTIVITY | C11: MAIN UOM | D11: Average Volume/Day | E11: Productivity Per Manhour | F11: Productivity Per Day | G11: Manpower Per Shift | H11: Required Manpower | I11: Manpower Per Shift
I12: 2
B13: Inbound Checking | C13: Pcs | D13: 176515 | E13: ='INBOUND CHECKING'!N39 -> 36713.07 | F13: =8*E13 -> 293704.56 | G13: 2 | H13: =roundup(D13/F13,0) -> 1 | I13: =H13*$I$12 -> 2
C14: Pallet | D14: 67 | E14: =E13/2920 -> 12.572969 | F14: =8*E14 -> 100.58375 | G14: 2 | H14: =roundup(D14/F14,0) -> 1 | I14: =H14*$I$12 -> 2
B15: Put-Away | C15: Pcs | D15: 203859 | E15: ='PUT-AWAY'!N40 -> 5904.7343 | F15: =8*E15 -> 47237.875 | G15: 1 | H15: =roundup(D15/F15,0) -> 5 | I15: =H15*$I$12 -> 10
C16: Pallet | D16: 103 | E16: ='PUT-AWAY'!N28 -> 30.272478 | F16: =8*E16 -> 242.17982 | G16: 2 | H16: =ROUNDUP(D16/F16,0) -> 1 | I16: =H16*$I$12 -> 2
B17: Picking (PMRL) | C17: Pallet | E17: =PICKING!N29 -> 9.5914649 | F17: =8*E17 -> 76.731719 | G17: 4 | H17: =roundup(D17/F17,0) -> 0 | I17: =H17 -> 0
C18: Picklist | D18: 23.63 | E18: =PICKING!N35 -> 7.0791809 | F18: =8*E18 -> 56.633447 | G18: 4 | H18: =roundup(D18/F18,0) -> 1 | I18: =H18 -> 1
C19: Pcs | D19: 103994 | E19: =PICKING!N41 -> 629.296 | F19: =8*E19 -> 5034.368 | G19: 4 | H19: =roundup(D19/F19,0) -> 21 | I19: =H19 -> 21
B20: Picking (SBU) | C20: Pallet | E20: =PICKING!N70 -> 1.4626849 | F20: =E20*8 -> 11.701479 | G20: 4 | H20: =roundup(D20/F20,0) -> 0 | I20: =H20 -> 0
C21: Store | D21: 55 | E21: =PICKING!N76 -> 3.4862732 | F21: =E21*8 -> 27.890186 | G21: 4 | H21: =roundup(D21/F21,0) -> 2 | I21: =H21 -> 2
C22: Pcs | D22: 103994 | E22: =PICKING!N82 -> 1041.4453 | F22: =E22*8 -> 8331.562 | G22: 4 | H22: =roundup(D22/F22,0) -> 13 | I22: =H22 -> 13
B23: Outbound Checking | C23: Pallet | D23: 122 | E23: ='OUTBOUND CHECKING'!N27 -> 11.631483 | F23: =8*E23 -> 93.051861 | G23: 2 | H23: =roundup(D23/F23,0) -> 2 | I23: =H23*$I$12 -> 4
C24: Pcs | D24: 103994 | E24: ='OUTBOUND CHECKING'!N39 -> 1349.7881 | F24: =8*E24 -> 10798.305 | G24: 2 | H24: =roundup(D24/F24,0) -> 10 | I24: =H24*$I$12 -> 20
B26: For Improvements: | C26: 5s
C27: Workers Ergonomics
C28: Handling
C29: Stacking of Items
C30: Additional MHE

Sheet JACKWRAP UTILIZATION
B2: Jack Wrap Utilization
B3: Roll Size | C3: 300 m
B4: Pallet Size | C4: 1.20 x 1 m
B5: Maximum Stack Height | C5: 1.25 m
B6: Wrap Level | C6: 7
B8: Assuming that Jack Wrap Streches 150%
B9: 300 m = 450 m
B11: Average Consumption per Pallet
B12: 38.5m
B14: Pallet per Roll
B15: 11 Pallets

Sheet INBOUND CHECKING
B2: TIME AND MOTION STUDY SHEET
B3: Process being observed: | E3: Observer(s): | H3: DAY/TIME of observation: | K3: Name and Designation
B4: INBOUND UNLOADING | E4: Hans David Wenceslao
B7: Step No. | C7: Elements | D7: OBSERVED TIMES (sec) | N7: Total Observed Time | P7: AVE | Q7: MAX | R7: WEIGHT PERCENTAGE | S7: Bottleneck | T7: Improvement
D8: T1 | E8: T2 | F8: T3 | G8: T4 | H8: T5 | I8: T6 | J8: T7 | K8: T8 | L8: T9 | M8: T10 | N8: (10 Trials)
B9: 1 | C9: Checking | D9: 275.73 | E9: 183.55 | F9: 220.1 | G9: 253.19 | H9: 176.19 | I9: 179.18 | J9: 174.91 | K9: 165.75 | L9: 263.31 | M9: 156.34 | N9: =SUM(D9:M9) -> 2048.25 | P9: =Iferror(AVERAGE(D9:M9),0) -> 204.825 | Q9: =MAX(D9:M9) -> 275.73 | R9: =Iferror(P9/$P$10,0) -> 1
C10: TOTAL Observed time (Sec) | D10: =sum(D9) -> 275.73 | E10: =sum(E9) -> 183.55 | F10: =sum(F9) -> 220.1 | G10: =sum(G9) -> 253.19 | H10: =sum(H9) -> 176.19 | I10: =sum(I9) -> 179.18 | J10: =sum(J9) -> 174.91 | K10: =sum(K9) -> 165.75 | ... M10: =sum(M9) -> 156.34 | N10: =SUM(D10:M10) -> 2048.25 | O10: TOTAL | P10: =SUM(P9) -> 204.825 | Q10: =SUM(Q9) -> 275.73 | R10: =SUM(R9) -> 1
C11: TOTAL Observed time (Min) | D11: =D10/60 -> 4.5955 | E11: =E10/60 -> 3.0591667 | F11: =F10/60 -> 3.6683333 | G11: =G10/60 -> 4.2198333 | H11: =H10/60 -> 2.9365 | I11: =I10/60 -> 2.9863333 | J11: =J10/60 -> 2.9151667 | K11: =K10/60 -> 2.7625 | ... N11: =N10/60 -> 34.1375
N12: minutes
C13: Number of Pallet | D13: 1 | E13: 1 | F13: 1 | G13: 1 | H13: 1 | I13: 1 | J13: 1 | K13: 1 | L13: 1 | M13: 1
C14: Number of Boxes/Pack
C15: Number of Items | D15: 5750 | E15: 2700 | F15: 3400 | G15: 8000 | H15: 1850 | I15: 1500 | J15: 1500 | K15: 1500 | L15: 1500 | M15: 1500 | N15: =SUM(D15:M15) -> 29200 | O15: =N15/10 -> 2920
C16: Number of Trucks | D16: 3 | E16: 1 | F16: 2 | G16: 3 | H16: 2 | I16: 2 | J16: 1 | K16: 1 | L16: 1 | M16: 1
C17: Account & Brand | D17: Contis | E17: Contis | F17: Contis | G17: Contis | H17: Contis | I17: Contis | J17: Contis | K17: Contis | L17: Contis | M17: Contis
C18: Number of Employees | D18: 1 | E18: 1 | F18: 1 | G18: 1 | H18: 1 | I18: 1 | J18: 1 | K18: 1 | L18: 1 | M18: 1
C19: Date & Time | D19: 45297 | E19: 45297 | F19: 45297 | G19: 45297 | H19: 45297 | I19: 45297 | J19: 45297 | K19: 45297 | L19: 45297 | M19: 45297
C22: Productivity per PALLET | N22: AVE
C23: PERFROMANCE RATING FACTOR % | D23: 1 | E23: 1 | F23: 1 | G23: 1 | H23: 1 | I23: 1 | J23: 1 | K23: 1 | L23: 1 | M23: 1
C24: ave.OBSERVED TIME(sec) | D24: =IFERROR((D10/D13)*D18,0) -> 275.73 | E24: =IFERROR((E10/E13)*E18,0) -> 183.55 | F24: =IFERROR((F10/F13)*F18,0) -> 220.1 | G24: =IFERROR((G10/G13)*G18,0) -> 253.19 | H24: =IFERROR((H10/H13)*H18,0) -> 176.19 | I24: =IFERROR((I10/I13)*I18,0) -> 179.18 | J24: =IFERROR((J10/J13)*J18,0) -> 174.91 | K24: =IFERROR((K10/K13)*K18,0) -> 165.75 | ... M24: =IFERROR((M10/M13)*M18,0) -> 156.34 | N24: =AVERAGE(D24:M24) -> 204.825
C25: NORMAL TIME = observed * PRF (sec) | D25: =D23*D24 -> 275.73 | E25: =E23*E24 -> 183.55 | F25: =F23*F24 -> 220.1 | G25: =G23*G24 -> 253.19 | H25: =H23*H24 -> 176.19 | I25: =I23*I24 -> 179.18 | J25: =J23*J24 -> 174.91 | K25: =K23*K24 -> 165.75 | ... M25: =M23*M24 -> 156.34 | N25: =AVERAGE(D25:M25) -> 204.825
C26: STANDARD TIME =Normal Time *[1+ Allowance Factor(5%)] | D26: =D25*(1+0.05) -> 289.5165 | E26: =E25*(1+0.05) -> 192.7275 | F26: =F25*(1+0.05) -> 231.105 | G26: =G25*(1+0.05) -> 265.8495 | H26: =H25*(1+0.05) -> 184.9995 | I26: =I25*(1+0.05) -> 188.139 | J26: =J25*(1+0.05) -> 183.6555 | K26: =K25*(1+0.05) -> 174.0375 | ... M26: =M25*(1+0.05) -> 164.157 | N26: =AVERAGE(D26:M26) -> 215.06625
C27: STANDARD PRODUCTIVITY PER MAN-HOUR | D27: =Iferror(3600/D26,0) -> 12.434524 | E27: =Iferror(3600/E26,0) -> 18.679223 | F27: =Iferror(3600/F26,0) -> 15.577335 | G27: =Iferror(3600/G26,0) -> 13.541496 | H27: =Iferror(3600/H26,0) -> 19.459512 | I27: =Iferror(3600/I26,0) -> 19.134789 | J27: =Iferror(3600/J26,0) -> 19.601918 | K27: =Iferror(3600/K26,0) -> 20.685197 | ... M27: =Iferror(3600/M26,0) -> 21.930225 | N27: =IFerror(3600/N26,0) -> 16.739028
C29: Productivity per BOX/PACK | N29: AVE
C30: ave.OBSERVED TIME(sec) | D30: =IFERROR((D10/D14)*D18,0) -> 0 | E30: =IFERROR((E10/E14)*E18,0) -> 0 | F30: =IFERROR((F10/F14)*F18,0) -> 0 | G30: =IFERROR((G10/G14)*G18,0) -> 0 | H30: =IFERROR((H10/H14)*H18,0) -> 0 | I30: =IFERROR((I10/I14)*I18,0) -> 0 | J30: =IFERROR((J10/J14)*J18,0) -> 0 | K30: =IFERROR((K10/K14)*K18,0) -> 0 | ... M30: =IFERROR((M10/M14)*M18,0) -> 0 | N30: =AVERAGE(D30:H30) -> 0
C31: NORMAL TIME = observed * PRF (sec) | D31: =D30*D23 -> 0 | E31: =E30*E23 -> 0 | F31: =F30*F23 -> 0 | G31: =G30*G23 -> 0 | H31: =H30*H23 -> 0 | I31: =I30*I23 -> 0 | J31: =J30*J23 -> 0 | K31: =K30*K23 -> 0 | ... M31: =M30*M23 -> 0 | N31: =AVERAGE(D31:H31) -> 0
C32: STANDARD TIME =Normal Time *[1+ Allowance Factor(5%)] | D32: =D31*(1+0.05) -> 0 | E32: =E31*(1+0.05) -> 0 | F32: =F31*(1+0.05) -> 0 | G32: =G31*(1+0.05) -> 0 | H32: =H31*(1+0.05) -> 0 | I32: =I31*(1+0.05) -> 0 | J32: =J31*(1+0.05) -> 0 | K32: =K31*(1+0.05) -> 0 | ... M32: =M31*(1+0.05) -> 0 | N32: =AVERAGE(D32:H32) -> 0
C33: STANDARD PRODUCTIVITY PER MAN-HOUR | D33: =Iferror(3600/D32,0) -> 0 | E33: =Iferror(3600/E32,0) -> 0 | F33: =Iferror(3600/F32,0) -> 0 | G33: =Iferror(3600/G32,0) -> 0 | H33: =Iferror(3600/H32,0) -> 0 | I33: =Iferror(3600/I32,0) -> 0 | J33: =Iferror(3600/J32,0) -> 0 | K33: =Iferror(3600/K32,0) -> 0 | ... N33: =Iferror(3600/N32,0) -> 0
C35: Productivity per ITEM | N35: AVE
C36: ave.OBSERVED TIME(sec) | D36: =IFERROR((D10/D15)*D18,0) -> 0.047953043 | E36: =IFERROR((E10/E15)*E18,0) -> 0.067981481 | F36: =IFERROR((F10/F15)*F18,0) -> 0.064735294 | G36: =IFERROR((G10/G15)*G18,0) -> 0.03164875 | H36: =IFERROR((H10/H15)*H18,0) -> 0.095237838 | I36: =IFERROR((I10/I15)*I18,0) -> 0.11945333 | J36: =IFERROR((J10/J15)*J18,0) -> 0.11660667 | K36: =IFERROR((K10/K15)*K18,0) -> 0.1105 | ... M36: =IFERROR((M10/M15)*M18,0) -> 0.10422667 | N36: =AVERAGE(D36:M36) -> 0.093388307
C37: NORMAL TIME = observed * PRF (sec) | D37: =D36*D23 -> 0.047953043 | E37: =E36*E23 -> 0.067981481 | F37: =F36*F23 -> 0.064735294 | G37: =G36*G23 -> 0.03164875 | H37: =H36*H23 -> 0.095237838 | I37: =I36*I23 -> 0.11945333 | J37: =J36*J23 -> 0.11660667 | K37: =K36*K23 -> 0.1105 | ... M37: =M36*M23 -> 0.10422667 | N37: =AVERAGE(D37:M37) -> 0.093388307
C38: STANDARD TIME =Normal Time *[1+ Allowance Factor(5%)] | D38: =D37*(1+0.05) -> 0.050350696 | E38: =E37*(1+0.05) -> 0.071380556 | F38: =F37*(1+0.05) -> 0.067972059 | G38: =G37*(1+0.05) -> 0.033231188 | H38: =H37*(1+0.05) -> 0.09999973 | I38: =I37*(1+0.05) -> 0.125426 | J38: =J37*(1+0.05) -> 0.122437 | K38: =K37*(1+0.05) -> 0.116025 | ... M38: =M37*(1+0.05) -> 0.109438 | N38: =AVERAGE(D38:M38) -> 0.098057723
C39: STANDARD PRODUCTIVITY PER MAN-HOUR | D39: =IFERROR(3600/D38,0) -> 71498.516 | E39: =IFERROR(3600/E38,0) -> 50433.903 | F39: =IFERROR(3600/F38,0) -> 52962.939 | G39: =IFERROR(3600/G38,0) -> 108331.97 | H39: =IFERROR(3600/H38,0) -> 36000.097 | I39: =IFERROR(3600/I38,0) -> 28702.183 | J39: =IFERROR(3600/J38,0) -> 29402.877 | K39: =IFERROR(3600/K38,0) -> 31027.796 | ... N39: =IFERROR(3600/N38,0) -> 36713.07
C41: Productivity per ITEM | N41: AVE
C42: ave.OBSERVED TIME(sec) | D42: =IFERROR((D10/D16)*D18,0) -> 91.91 | E42: =IFERROR((E10/E16)*E18,0) -> 183.55 | F42: =IFERROR((F10/F16)*F18,0) -> 110.05 | G42: =IFERROR((G10/G16)*G18,0) -> 84.396667 | H42: =IFERROR((H10/H16)*H18,0) -> 88.095 | I42: =IFERROR((I10/I16)*I18,0) -> 89.59 | J42: =IFERROR((J10/J16)*J18,0) -> 174.91 | K42: =IFERROR((K10/K16)*K18,0) -> 165.75 | ... M42: =IFERROR((M10/M16)*M18,0) -> 156.34 | N42: =AVERAGE(D42:M42) -> 140.79017
C43: NORMAL TIME = observed * PRF (sec) | D43: =D42*D23 -> 91.91 | E43: =E42*E29 -> 0 | F43: =F42*F29 -> 0 | G43: =G42*G29 -> 0 | H43: =H42*H29 -> 0 | I43: =I42*I29 -> 0 | J43: =J42*J29 -> 0 | K43: =K42*K29 -> 0 | L43: =L42*L29 -> 0 | M43: =M42*M29 -> 0 | N43: =AVERAGE(D43:M43) -> 9.191
C44: STANDARD TIME =Normal Time *[1+ Allowance Factor(5%)] | D44: =D43*(1+0.05) -> 96.5055 | E44: =E43*(1+0.05) -> 0 | F44: =F43*(1+0.05) -> 0 | G44: =G43*(1+0.05) -> 0 | H44: =H43*(1+0.05) -> 0 | I44: =I43*(1+0.05) -> 0 | J44: =J43*(1+0.05) -> 0 | K44: =K43*(1+0.05) -> 0 | ... M44: =M43*(1+0.05) -> 0 | N44: =AVERAGE(D44:M44) -> 9.65055
C45: STANDARD PRODUCTIVITY PER MAN-HOUR | D45: =IFERROR(3600/D44,0) -> 37.303573 | E45: =IFERROR(3600/E44,0) -> 0 | F45: =IFERROR(3600/F44,0) -> 0 | G45: =IFERROR(3600/G44,0) -> 0 | H45: =IFERROR(3600/H44,0) -> 0 | I45: =IFERROR(3600/I44,0) -> 0 | J45: =IFERROR(3600/J44,0) -> 0 | K45: =IFERROR(3600/K44,0) -> 0 | ... N45: =IFERROR(3600/N44,0) -> 373.03573

Sheet PUT-AWAY
B2: TIME AND MOTION STUDY SHEET
B3: Process being observed: | E3: Observer(s): | H3: DAY/TIME of observation: | K3: Name and Designation
B4: PUT-AWAY | E4: Hans David Wenceslao
B7: Step No. | C7: Elements | D7: OBSERVED TIMES (sec) | N7: Total Observed Time | P7: AVE | Q7: MAX | R7: WEIGHT PERCENTAGE | S7: Bottleneck | T7: Improvement
D8: T1 | E8: T2 | F8: T3 | G8: T4 | H8: T5 | I8: T6 | J8: T7 | K8: T8 | L8: T9 | M8: T10 | N8: (10 Trials)
B9: 1 | C9: Transfer to Location | D9: 76.48 | E9: 37.2 | F9: 42.69 | G9: 79.07 | H9: 51.35 | I9: 42.05 | J9: 39.36 | K9: 56 | L9: 46 | M9: 51.42 | N9: =SUM(D9:M9) -> 521.62 | P9: =Iferror(AVERAGE(D9:M9),0) -> 52.162 | Q9: =MAX(D9:M9) -> 79.07 | R9: =Iferror(P9/$P$11,0) -> 0.46991099 | T9: 5S
B10: 2 | C10: Fill-Up Put-away Form | D10: =38.22+24.38 -> 62.6 | E10: 48.36 | F10: 53.98 | G10: 44.88 | H10: 52.83 | I10: 60.07 | J10: 92.05 | K10: 56 | L10: 59 | M10: 58.65 | N10: =SUM(D10:M10) -> 588.42 | P10: =Iferror(AVERAGE(D10:M10),0) -> 58.842 | Q10: =MAX(D10:M10) -> 92.05 | R10: =Iferror(P10/$P$11,0) -> 0.53008901
C11: TOTAL Observed time (Sec) | D11: =sum(D9:D10) -> 139.08 | E11: =sum(E9:E10) -> 85.56 | F11: =sum(F9:F10) -> 96.67 | G11: =sum(G9:G10) -> 123.95 | H11: =sum(H9:H10) -> 104.18 | I11: =sum(I9:I10) -> 102.12 | J11: =sum(J9:J10) -> 131.41 | K11: =sum(K9:K10) -> 112 | ... M11: =sum(M9:M10) -> 110.07 | N11: =SUM(D11:M11) -> 1110.04 | P11: =SUM(P9:P10) -> 111.004 | Q11: =SUM(Q9:Q10) -> 171.12 | R11: =SUM(R9:R10) -> 1
C12: TOTAL Observed time (Min) | D12: =D11/60 -> 2.318 | E12: =E11/60 -> 1.426 | F12: =F11/60 -> 1.6111667 | G12: =G11/60 -> 2.0658333 | H12: =H11/60 -> 1.7363333 | I12: =I11/60 -> 1.702 | J12: =J11/60 -> 2.1901667 | K12: =K11/60 -> 1.8666667 | ... N12: =N11/60 -> 18.500667
N13: minutes
C14: Number of Pallet | D14: 1 | E14: 1 | F14: 1 | G14: 1 | H14: 1 | I14: 1 | J14: 1 | K14: 1 | L14: 1 | M14: 1
C15: Number of Boxes/Pack
C16: Number of Pcs | D16: 13000 | E16: 30000 | F16: 15000 | G16: 10000 | H16: 60 | I16: 222 | J16: 210 | K16: 50 | L16: 480 | M16: 480
C17: SKU | D17: PMRL | E17: PMRL | F17: PMRL | G17: PMRL | H17: PMRL | I17: PMRL | J17: PMRL | K17: PMRL | L17: PMRL | M17: PMRL
C18: Account & Brand | D18: CONTIS | E18: CONTIS | F18: CONTIS | G18: CONTIS | H18: CONTIS | I18: CONTIS | J18: CONTIS | K18: WENPHIL | L18: WENPHIL | M18: WENPHIL
C19: Number of Employees | D19: 1 | E19: 1 | F19: 1 | G19: 1 | H19: 1 | I19: 1 | J19: 1 | K19: 1 | L19: 1 | M19: 1
C20: Date & Time | D20: 45661 | E20: 45661 | F20: 45661 | G20: 45661 | H20: 45661 | I20: 45661 | J20: 45661 | K20: 45661 | L20: 45661 | M20: 45661
C23: Productivity per PALLET | N23: AVE
C24: PERFROMANCE RATING FACTOR % | D24: 1 | E24: 1 | F24: 1 | G24: 1 | H24: 1 | I24: 1 | J24: 1 | K24: 1 | L24: 1 | M24: 1
C25: ave.OBSERVED TIME(sec) | D25: =IFERROR((D11/D14)*D19,0) -> 139.08 | E25: =IFERROR((E11/E14)*E19,0) -> 85.56 | F25: =IFERROR((F11/F14)*F19,0) -> 96.67 | G25: 95 | H25: =IFERROR((H11/H14)*H19,0) -> 104.18 | I25: =IFERROR((I11/I14)*I19,0) -> 102.12 | J25: =IFERROR((J11/J14)*J19,0) -> 131.41 | K25: =IFERROR((K11/K14)*K19,0) -> 112 | L25: =IFERROR((L11/L14)*L19,0) -> 105 | M25: =IFERROR((M11/M14)*M19,0) -> 110.07 | N25: =AVERAGE(D25:M25) -> 108.109
C26: NORMAL TIME = observed * PRF (sec) | D26: =D24*D25 -> 139.08 | E26: =E24*E25 -> 85.56 | F26: =F24*F25 -> 96.67 | G26: =G24*G25 -> 95 | H26: =H24*H25 -> 104.18 | I26: =I24*I25 -> 102.12 | J26: =J24*J25 -> 131.41 | K26: =K24*K25 -> 112 | ... M26: =M24*M25 -> 110.07 | N26: =AVERAGE(D26:M26) -> 108.109
C27: STANDARD TIME =Normal Time *[1+ Allowance Factor(5%)+Machine Allowance (5%)] | D27: =D26*(1+0.1) -> 152.988 | E27: =E26*(1+0.1) -> 94.116 | F27: =F26*(1+0.1) -> 106.337 | G27: =G26*(1+0.1) -> 104.5 | H27: =H26*(1+0.1) -> 114.598 | I27: =I26*(1+0.1) -> 112.332 | J27: =J26*(1+0.1) -> 144.551 | K27: =K26*(1+0.1) -> 123.2 | ... M27: =M26*(1+0.1) -> 121.077 | N27: =AVERAGE(D27:M27) -> 118.9199
C28: STANDARD PRODUCTIVITY PER MAN-HOUR | D28: =Iferror(3600/D27,0) -> 23.531257 | E28: =Iferror(3600/E27,0) -> 38.250669 | F28: =Iferror(3600/F27,0) -> 33.854632 | G28: =Iferror(3600/G27,0) -> 34.449761 | H28: =Iferror(3600/H27,0) -> 31.414161 | I28: =Iferror(3600/I27,0) -> 32.047858 | J28: =Iferror(3600/J27,0) -> 24.904705 | K28: =Iferror(3600/K27,0) -> 29.220779 | ... M28: =Iferror(3600/M27,0) -> 29.733145 | N28: =IFerror(3600/N27,0) -> 30.272478
C30: Productivity per BOX/PACK | N30: AVE
C31: ave.OBSERVED TIME(sec) | D31: =IFERROR((D11/D15)*D19,0) -> 0 | E31: =IFERROR((E11/E15)*E19,0) -> 0 | F31: =IFERROR((F11/F15)*F19,0) -> 0 | G31: =IFERROR((G11/G15)*G19,0) -> 0 | H31: =IFERROR((H11/H15)*H19,0) -> 0 | I31: =IFERROR((I11/I15)*I19,0) -> 0 | J31: =IFERROR((J11/J15)*J19,0) -> 0 | K31: =IFERROR((K11/K15)*K19,0) -> 0 | ... M31: =IFERROR((M11/M15)*M19,0) -> 0 | N31: =AVERAGE(D31:H31) -> 0
C32: NORMAL TIME = observed * PRF (sec) | D32: =D31*D24 -> 0 | E32: =E31*E24 -> 0 | F32: =F31*F24 -> 0 | G32: =G31*G24 -> 0 | H32: =H31*H24 -> 0 | I32: =I31*I24 -> 0 | J32: =J31*J24 -> 0 | K32: =K31*K24 -> 0 | ... M32: =M31*M24 -> 0 | N32: =AVERAGE(D32:H32) -> 0
C33: STANDARD TIME =Normal Time *[1+ Allowance Factor(5%)] | D33: =D32*(1+0.05) -> 0 | E33: =E32*(1+0.05) -> 0 | F33: =F32*(1+0.05) -> 0 | G33: =G32*(1+0.05) -> 0 | H33: =H32*(1+0.05) -> 0 | I33: =I32*(1+0.05) -> 0 | J33: =J32*(1+0.05) -> 0 | K33: =K32*(1+0.05) -> 0 | ... M33: =M32*(1+0.05) -> 0 | N33: =AVERAGE(D33:H33) -> 0
C34: STANDARD PRODUCTIVITY PER MAN-HOUR | D34: =Iferror(3600/D33,0) -> 0 | E34: =Iferror(3600/E33,0) -> 0 | F34: =Iferror(3600/F33,0) -> 0 | G34: =Iferror(3600/G33,0) -> 0 | H34: =Iferror(3600/H33,0) -> 0 | I34: =Iferror(3600/I33,0) -> 0 | J34: =Iferror(3600/J33,0) -> 0 | K34: =Iferror(3600/K33,0) -> 0 | ... N34: =Iferror(3600/N33,0) -> 0
C36: Productivity per PCS | N36: AVE
C37: ave.OBSERVED TIME(sec) | D37: =IFERROR((D11/D16)*D19,0) -> 0.010698462 | E37: =IFERROR((E11/E16)*E19,0) -> 0.002852 | F37: =IFERROR((F11/F16)*F19,0) -> 0.0064446667 | G37: =IFERROR((G11/G16)*G19,0) -> 0.012395 | H37: =IFERROR((H11/H16)*H19,0) -> 1.7363333 | I37: =IFERROR((I11/I16)*I19,0) -> 0.46 | J37: =IFERROR((J11/J16)*J19,0) -> 0.6257619 | K37: =IFERROR((K11/K16)*K19,0) -> 2.24 | ... M37: =IFERROR((M11/M16)*M19,0) -> 0.2293125 | N37: =AVERAGE(D37:M37) -> 0.55425479 | O37: =N37*60 -> 33.255287
C38: NORMAL TIME = observed * PRF (sec) | D38: =D37*D24 -> 0.010698462 | E38: =E37*E24 -> 0.002852 | F38: =F37*F24 -> 0.0064446667 | G38: =G37*G24 -> 0.012395 | H38: =H37*H24 -> 1.7363333 | I38: =I37*I24 -> 0.46 | J38: =J37*J24 -> 0.6257619 | K38: =K37*K24 -> 2.24 | ... M38: =M37*M24 -> 0.2293125 | N38: =AVERAGE(D38:M38) -> 0.55425479
C39: STANDARD TIME =Normal Time *[1+ Allowance Factor(5%)+Machine Allowance (5%)] | D39: =D38*(1+0.1) -> 0.011768308 | E39: =E38*(1+0.1) -> 0.0031372 | F39: =F38*(1+0.1) -> 0.0070891333 | G39: =G38*(1+0.1) -> 0.0136345 | H39: =H38*(1+0.1) -> 1.9099667 | I39: =I38*(1+0.1) -> 0.506 | J39: =J38*(1+0.1) -> 0.6883381 | K39: =K38*(1+0.1) -> 2.464 | ... M39: =M38*(1+0.1) -> 0.25224375 | N39: =AVERAGE(D39:M39) -> 0.60968027
C40: STANDARD PRODUCTIVITY PER MAN-HOUR | D40: =IFERROR(3600/D39,0) -> 305906.35 | E40: =IFERROR(3600/E39,0) -> 1147520.1 | F40: =IFERROR(3600/F39,0) -> 507819.48 | G40: =IFERROR(3600/G39,0) -> 264036.08 | H40: =IFERROR(3600/H39,0) -> 1884.8496 | I40: =IFERROR(3600/I39,0) -> 7114.6245 | J40: =IFERROR(3600/J39,0) -> 5229.988 | K40: =IFERROR(3600/K39,0) -> 1461.039 | ... N40: =IFERROR(3600/N39,0) -> 5904.7343

Sheet PICKING
B2: TIME AND MOTION STUDY SHEET
B3: Process being observed: | E3: Observer(s): | H3: DAY/TIME of observation: | K3: Name and Designation
B4: PICKING | E4: Hans David Wenceslao
B7: Step No. | C7: Elements | D7: OBSERVED TIMES (sec) | N7: Total Observed Time | P7: AVE | Q7: MAX | R7: WEIGHT PERCENTAGE | S7: Bottleneck | T7: Improvement
D8: T1 | E8: T2 | F8: T3 | G8: T4 | H8: T5 | I8: T6 | J8: T7 | K8: T8 | L8: T9 | M8: T10 | N8: (10 Trials)
B9: 1 | C9: Finding Pallet | D9: 78.02 | E9: 21.37 | F9: 19.51 | G9: 36.02 | H9: 26.18 | N9: =SUM(D9:H9) -> 181.1 | P9: =AVERAGE(D9:M9) -> 36.22 | Q9: =MAX(D9:M9) -> 78.02 | R9: =P9/$P$12 -> 0.048859056
B10: 2 | C10: Picking | D10: 1388.08 | E10: 235.26 | F10: 225.94 | G10: 487.7 | H10: 921.6 | P10: =AVERAGE(D10:M10) -> 651.716 | Q10: =MAX(D10:M10) -> 1388.08 | R10: =P10/$P$12 -> 0.87913386
B11: 3 | C11: Transport to Staging | D11: 107.98 | E11: 31.64 | F11: 29.32 | G11: 51.46 | H11: 46.5 | P11: =AVERAGE(D11:M11) -> 53.38 | Q11: =MAX(D11:M11) -> 107.98 | R11: =P11/$P$12 -> 0.072007079
C12: TOTAL Observed time (Sec) | D12: =sum(D9:D11) -> 1574.08 | E12: =sum(E9:E11) -> 288.27 | F12: =sum(F9:F11) -> 274.77 | G12: =sum(G9:G11) -> 575.18 | H12: =sum(H9:H11) -> 994.28 | I12: =sum(I9:I11) -> 0 | J12: =sum(J9:J11) -> 0 | K12: =sum(K9:K11) -> 0 | ... M12: =sum(M9:M11) -> 0 | N12: =SUM(D12:H12) -> 3706.58 | O12: TOTAL | P12: =SUM(P9:P11) -> 741.316 | Q12: =MAX(Q9:Q11) -> 1388.08 | R12: =SUM(R9) -> 0.048859056
C13: TOTAL Observed time (Min) | D13: =D12/60 -> 26.234667 | E13: =E12/60 -> 4.8045 | F13: =F12/60 -> 4.5795 | G13: =G12/60 -> 9.5863333 | H13: =H12/60 -> 16.571333 | I13: =I12/60 -> 0 | J13: =J12/60 -> 0 | K13: =K12/60 -> 0 | ... N13: =N12/60 -> 61.776333
N14: minutes
C15: Number of Pallet | D15: 3 | E15: 1 | F15: 1 | G15: 2 | H15: 1
C16: Number of Picklist | D16: 1 | E16: 1 | F16: 1 | G16: 3 | H16: 2
C17: Number of Items | D17: 14228 | E17: 10 | F17: 28 | G17: 143 | H17: 4650 | N17: =AVERAGE(D17:H17) -> 3811.8
C18: SKU | D18: PMRL | E18: PMRL | F18: PMRL | G18: PMRL | H18: PMRL
C19: Account & Brand | D19: Contis
C20: Number of Employees | D20: 1 | E20: 1 | F20: 1 | G20: 1 | H20: 1
C21: Date & Time | D21: 45661 | E21: 45661 | F21: 45661 | G21: 45672 | H21: 45672
C24: Productivity per PALLET | N24: AVE
C25: PERFROMANCE RATING FACTOR % | D25: 1 | E25: 0.6 | F25: 0.7 | G25: 0.7 | H25: 0.7 | I25: 0.7 | J25: 0.7 | K25: 1 | L25: 1 | M25: 1
C26: ave.OBSERVED TIME(sec) | D26: =IFERROR((D12/D15)*D20,0) -> 524.69333 | E26: =IFERROR((E12/E15)*E20,0) -> 288.27 | F26: =IFERROR((F12/F15)*F20,0) -> 274.77 | G26: =IFERROR((G12/G15)*G20,0) -> 287.59 | H26: =IFERROR((H12/H15)*H20,0) -> 994.28 | I26: =IFERROR((I12/I15)*I20,0) -> 0 | J26: =IFERROR((J12/J15)*J20,0) -> 0 | K26: =IFERROR((K12/K15)*K20,0) -> 0 | ... M26: =IFERROR((M12/M15)*M20,0) -> 0 | N26: =AVERAGE(D26:H26) -> 473.92067
C27: NORMAL TIME = observed * PRF (sec) | D27: =D25*D26 -> 524.69333 | E27: =E25*E26 -> 172.962 | F27: =F25*F26 -> 192.339 | G27: =G25*G26 -> 201.313 | H27: =H25*H26 -> 695.996 | I27: =I25*I26 -> 0 | J27: =J25*J26 -> 0 | K27: =K25*K26 -> 0 | ... M27: =M25*M26 -> 0 | N27: =AVERAGE(D27:H27) -> 357.46067
C28: STANDARD TIME =Normal Time *[1+ Allowance Factor(5%)] | D28: =D27*(1+0.05) -> 550.928 | E28: =E27*(1+0.05) -> 181.6101 | F28: =F27*(1+0.05) -> 201.95595 | G28: =G27*(1+0.05) -> 211.37865 | H28: =H27*(1+0.05) -> 730.7958 | I28: =I27*(1+0.05) -> 0 | J28: =J27*(1+0.05) -> 0 | K28: =K27*(1+0.05) -> 0 | ... M28: =M27*(1+0.05) -> 0 | N28: =AVERAGE(D28:H28) -> 375.3337
C29: STANDARD PRODUCTIVITY PER MAN-HOUR | D29: =Iferror(3600/D28,0) -> 6.5344292 | E29: =Iferror(3600/E28,0) -> 19.822686 | F29: =Iferror(3600/F28,0) -> 17.825669 | G29: =Iferror(3600/G28,0) -> 17.031048 | H29: =Iferror(3600/H28,0) -> 4.9261367 | I29: =Iferror(3600/I28,0) -> 0 | J29: =Iferror(3600/J28,0) -> 0 | K29: =Iferror(3600/K28,0) -> 0 | ... M29: =Iferror(3600/M28,0) -> 0 | N29: =IFerror(3600/N28,0) -> 9.5914649
C31: Productivity per PICKLIST | N31: AVE
C32: ave.OBSERVED TIME(sec) | D32: =IFERROR((D12/D16)*D20,0) -> 1574.08 | E32: =IFERROR((E12/E16)*E20,0) -> 288.27 | F32: =IFERROR((F12/F16)*F20,0) -> 274.77 | G32: =IFERROR((G12/G16)*G20,0) -> 191.72667 | H32: =IFERROR((H12/H16)*H20,0) -> 497.14 | I32: =IFERROR((I12/I16)*I20,0) -> 0 | J32: =IFERROR((J12/J16)*J20,0) -> 0 | K32: =IFERROR((K12/K16)*K20,0) -> 0 | ... M32: =IFERROR((M12/M16)*M20,0) -> 0 | N32: =AVERAGE(D32:H32) -> 565.19733
C33: NORMAL TIME = observed * PRF (sec) | D33: =D32*D25 -> 1574.08 | E33: =E32*E25 -> 172.962 | F33: =F32*F25 -> 192.339 | G33: =G32*G25 -> 134.20867 | H33: =H32*H25 -> 347.998 | I33: =I32*I25 -> 0 | J33: =J32*J25 -> 0 | K33: =K32*K25 -> 0 | ... M33: =M32*M25 -> 0 | N33: =AVERAGE(D33:H33) -> 484.31753
C34: STANDARD TIME =Normal Time *[1+ Allowance Factor(5%)] | D34: =D33*(1+0.05) -> 1652.784 | E34: =E33*(1+0.05) -> 181.6101 | F34: =F33*(1+0.05) -> 201.95595 | G34: =G33*(1+0.05) -> 140.9191 | H34: =H33*(1+0.05) -> 365.3979 | I34: =I33*(1+0.05) -> 0 | J34: =J33*(1+0.05) -> 0 | K34: =K33*(1+0.05) -> 0 | ... M34: =M33*(1+0.05) -> 0 | N34: =AVERAGE(D34:H34) -> 508.53341
C35: STANDARD PRODUCTIVITY PER MAN-HOUR | D35: =Iferror(3600/D34,0) -> 2.1781431 | E35: =Iferror(3600/E34,0) -> 19.822686 | F35: =Iferror(3600/F34,0) -> 17.825669 | G35: =Iferror(3600/G34,0) -> 25.546572 | H35: =Iferror(3600/H34,0) -> 9.8522734 | I35: =Iferror(3600/I34,0) -> 0 | J35: =Iferror(3600/J34,0) -> 0 | K35: =Iferror(3600/K34,0) -> 0 | ... N35: =Iferror(3600/N34,0) -> 7.0791809
C37: Productivity per ITEM | N37: AVE
C38: ave.OBSERVED TIME(sec) | D38: =IFERROR((D12/D17)*D20,0) -> 0.11063256 | E38: =IFERROR((E12/E17)*E20,0) -> 28.827 | F38: =IFERROR((F12/F17)*F20,0) -> 9.8132143 | G38: =IFERROR((G12/G17)*G20,0) -> 4.0222378 | H38: =IFERROR((H12/H17)*H20,0) -> 0.21382366 | I38: =IFERROR((I12/I17)*I20,0) -> 0 | J38: =IFERROR((J12/J17)*J20,0) -> 0 | K38: =IFERROR((K12/K17)*K20,0) -> 0 | ... M38: =IFERROR((M12/M17)*M20,0) -> 0 | N38: =AVERAGE(D38:H38) -> 8.5973817
C39: NORMAL TIME = observed * PRF (sec) | D39: =D38*D25 -> 0.11063256 | E39: =E38*E25 -> 17.2962 | F39: =F38*F25 -> 6.86925 | G39: =G38*G25 -> 2.8155664 | H39: =H38*H25 -> 0.14967656 | I39: =I38*I25 -> 0 | J39: =J38*J25 -> 0 | K39: =K38*K25 -> 0 | ... M39: =M38*M25 -> 0 | N39: =AVERAGE(D39:H39) -> 5.4482651
C40: STANDARD TIME =Normal Time *[1+ Allowance Factor(5%)] | D40: =D39*(1+0.05) -> 0.11616418 | E40: =E39*(1+0.05) -> 18.16101 | F40: =F39*(1+0.05) -> 7.2127125 | G40: =G39*(1+0.05) -> 2.9563448 | H40: =H39*(1+0.05) -> 0.15716039 | I40: =I39*(1+0.05) -> 0 | J40: =J39*(1+0.05) -> 0 | K40: =K39*(1+0.05) -> 0 | ... M40: =M39*(1+0.05) -> 0 | N40: =AVERAGE(D40:H40) -> 5.7206784
C41: STANDARD PRODUCTIVITY PER MAN-HOUR | D41: =IFERROR(3600/D40,0) -> 30990.619 | E41: =IFERROR(3600/E40,0) -> 198.22686 | F41: =IFERROR(3600/F40,0) -> 499.11874 | G41: =IFERROR(3600/G40,0) -> 1217.72 | H41: =IFERROR(3600/H40,0) -> 22906.536 | I41: =IFERROR(3600/I40,0) -> 0 | J41: =IFERROR(3600/J40,0) -> 0 | K41: =IFERROR(3600/K40,0) -> 0 | ... N41: =IFERROR(3600/N40,0) -> 629.296
B44: TIME AND MOTION STUDY SHEET
B45: Process being observed: | E45: Observer(s): | H45: DAY/TIME of observation: | K45: Name and Designation
B46: PICKING | E46: Hans David Wenceslao
B49: Step No. | C49: Elements | D49: OBSERVED TIMES (sec) | N49: Total Observed Time | P49: AVE | Q49: MAX | R49: WEIGHT PERCENTAGE | S49: Bottleneck | T49: Improvement
D50: T1 | E50: T2 | F50: T3 | G50: T4 | H50: T5 | I50: T6 | J50: T7 | K50: T8 | L50: T9 | M50: T10 | N50: (10 Trials)
B51: 1 | C51: Finding Pallet | D51: 40.39 | E51: 47.24 | F51: 36.28 | G51: 90.52 | N51: =SUM(D51:H51) -> 214.43 | P51: =AVERAGE(D51:M51) -> 53.6075 | Q51: =MAX(D51:M51) -> 90.52 | R51: =P51/$P$12 -> 0.072313966
B52: 2 | C52: Picking | D52: 12200.2 | E52: 11499.7 | F52: 12789.8 | G52: 12991.7 | N52: =SUM(D52:H52) -> 49481.4 | P52: =AVERAGE(D52:M52) -> 12370.35 | Q52: =MAX(D52:M52) -> 12991.7 | R52: =P52/$P$12 -> 16.687013
C53: TOTAL Observed time (Sec) | D53: =sum(D51:D52) -> 12240.59 | E53: =sum(E51:E52) -> 11546.94 | F53: =sum(F51:F52) -> 12826.08 | G53: =sum(G51:G52) -> 13082.22 | H53: =sum(H51:H52) -> 0 | I53: =sum(I51:I52) -> 0 | J53: =sum(J51:J52) -> 0 | K53: =sum(K51:K52) -> 0 | ... M53: =sum(M51:M52) -> 0 | N53: =SUM(D53:H53) -> 49695.83 | O53: TOTAL | P53: =SUM(P51:P52) -> 12423.958 | Q53: =MAX(Q51:Q52) -> 12991.7 | R53: =SUM(R51) -> 0.072313966
C54: TOTAL Observed time (Min) | D54: =D53/60 -> 204.00983 | E54: =E53/60 -> 192.449 | F54: =F53/60 -> 213.768 | G54: =G53/60 -> 218.037 | H54: =H53/60 -> 0 | I54: =I53/60 -> 0 | J54: =J53/60 -> 0 | K54: =K53/60 -> 0 | ... N54: =N53/60 -> 828.26383
N55: minutes
C56: Number of Pallet | D56: 4 | E56: 5 | F56: 6 | G56: 7
C57: Number of Store | D57: 11 | E57: 12 | F57: 13 | G57: 15
C58: Number of Items | D58: 3218 | E58: 3585 | F58: 4220 | G58: 4214
C59: SKU | D59: SBU | E59: SBU | F59: SBU | G59: SBU
C60: Account & Brand
C61: Number of Employees | D61: 1 | E61: 1 | F61: 1 | G61: 1
C62: Date & Time | D62: 45661 | E62: 45661 | F62: 45661 | G62: 45661
D63: =D57/3 -> 3.6666667
C65: Productivity per PALLET | N65: AVE
C66: PERFROMANCE RATING FACTOR % | D66: 1 | E66: 1 | F66: 1 | G66: 1 | H66: 1 | I66: 1 | J66: 1 | K66: 1 | L66: 1 | M66: 1
C67: ave.OBSERVED TIME(sec) | D67: =IFERROR((D53/D56)*D61,0) -> 3060.1475 | E67: =IFERROR((E53/E56)*E61,0) -> 2309.388 | F67: =IFERROR((F53/F56)*F61,0) -> 2137.68 | G67: =IFERROR((G53/G56)*G61,0) -> 1868.8886 | H67: =IFERROR((H53/H56)*H61,0) -> 0 | I67: =IFERROR((I53/I56)*I61,0) -> 0 | J67: =IFERROR((J53/J56)*J61,0) -> 0 | K67: =IFERROR((K53/K56)*K61,0) -> 0 | ... M67: =IFERROR((M53/M56)*M61,0) -> 0 | N67: =AVERAGE(D67:G67) -> 2344.026
C68: NORMAL TIME = observed * PRF (sec) | D68: =D66*D67 -> 3060.1475 | E68: =E66*E67 -> 2309.388 | F68: =F66*F67 -> 2137.68 | G68: =G66*G67 -> 1868.8886 | H68: =H66*H67 -> 0 | I68: =I66*I67 -> 0 | J68: =J66*J67 -> 0 | K68: =K66*K67 -> 0 | ... M68: =M66*M67 -> 0 | N68: =AVERAGE(D68:G68) -> 2344.026
C69: STANDARD TIME =Normal Time *[1+ Allowance Factor(5%)] | D69: =D68*(1+0.05) -> 3213.1549 | E69: =E68*(1+0.05) -> 2424.8574 | F69: =F68*(1+0.05) -> 2244.564 | G69: =G68*(1+0.05) -> 1962.333 | H69: =H68*(1+0.05) -> 0 | I69: =I68*(1+0.05) -> 0 | J69: =J68*(1+0.05) -> 0 | K69: =K68*(1+0.05) -> 0 | ... M69: =M68*(1+0.05) -> 0 | N69: =AVERAGE(D69:G69) -> 2461.2273
C70: STANDARD PRODUCTIVITY PER MAN-HOUR | D70: =Iferror(3600/D69,0) -> 1.1203942 | E70: =Iferror(3600/E69,0) -> 1.4846234 | F70: =Iferror(3600/F69,0) -> 1.603875 | G70: =Iferror(3600/G69,0) -> 1.834551 | H70: =Iferror(3600/H69,0) -> 0 | I70: =Iferror(3600/I69,0) -> 0 | J70: =Iferror(3600/J69,0) -> 0 | K70: =Iferror(3600/K69,0) -> 0 | ... M70: =Iferror(3600/M69,0) -> 0 | N70: =IFerror(3600/N69,0) -> 1.4626849
C72: Productivity per STORE | N72: AVE
C73: ave.OBSERVED TIME(sec) | D73: =IFERROR((D53/D57)*D61,0) -> 1112.7809 | E73: =IFERROR((E53/E57)*E61,0) -> 962.245 | F73: =IFERROR((F53/F57)*F61,0) -> 986.62154 | G73: =IFERROR((G53/G57)*G61,0) -> 872.148 | H73: =IFERROR((H53/H57)*H61,0) -> 0 | I73: =IFERROR((I53/I57)*I61,0) -> 0 | J73: =IFERROR((J53/J57)*J61,0) -> 0 | K73: =IFERROR((K53/K57)*K61,0) -> 0 | ... M73: =IFERROR((M53/M57)*M61,0) -> 0 | N73: =AVERAGE(D73:G73) -> 983.44886
C74: NORMAL TIME = observed * PRF (sec) | D74: =D73*D66 -> 1112.7809 | E74: =E73*E66 -> 962.245 | F74: =F73*F66 -> 986.62154 | G74: =G73*G66 -> 872.148 | H74: =H73*H66 -> 0 | I74: =I73*I66 -> 0 | J74: =J73*J66 -> 0 | K74: =K73*K66 -> 0 | ... M74: =M73*M66 -> 0 | N74: =AVERAGE(D74:G74) -> 983.44886
C75: STANDARD TIME =Normal Time *[1+ Allowance Factor(5%)] | D75: =D74*(1+0.05) -> 1168.42 | E75: =E74*(1+0.05) -> 1010.3573 | F75: =F74*(1+0.05) -> 1035.9526 | G75: =G74*(1+0.05) -> 915.7554 | H75: =H74*(1+0.05) -> 0 | I75: =I74*(1+0.05) -> 0 | J75: =J74*(1+0.05) -> 0 | K75: =K74*(1+0.05) -> 0 | ... M75: =M74*(1+0.05) -> 0 | N75: =AVERAGE(D75:G75) -> 1032.6213
C76: STANDARD PRODUCTIVITY PER MAN-HOUR | D76: =Iferror(3600/D75,0) -> 3.081084 | E76: =Iferror(3600/E75,0) -> 3.5630961 | F76: =Iferror(3600/F75,0) -> 3.4750624 | G76: =Iferror(3600/G75,0) -> 3.9311807 | H76: =Iferror(3600/H75,0) -> 0 | I76: =Iferror(3600/I75,0) -> 0 | J76: =Iferror(3600/J75,0) -> 0 | K76: =Iferror(3600/K75,0) -> 0 | ... N76: =Iferror(3600/N75,0) -> 3.4862732 | O76: =N76*8 -> 27.890186
C78: Productivity per ITEM | N78: AVE
C79: ave.OBSERVED TIME(sec) | D79: =IFERROR((D53/D58)*D61,0) -> 3.8037881 | E79: =IFERROR((E53/E58)*E61,0) -> 3.2209038 | F79: =IFERROR((F53/F58)*F61,0) -> 3.0393554 | G79: =IFERROR((G53/G58)*G61,0) -> 3.1044661 | H79: =IFERROR((H53/H58)*H61,0) -> 0 | I79: =IFERROR((I53/I58)*I61,0) -> 0 | J79: =IFERROR((J53/J58)*J61,0) -> 0 | K79: =IFERROR((K53/K58)*K61,0) -> 0 | ... M79: =IFERROR((M53/M58)*M61,0) -> 0 | N79: =AVERAGE(D79:G79) -> 3.2921283
C80: NORMAL TIME = observed * PRF (sec) | D80: =D79*D66 -> 3.8037881 | E80: =E79*E66 -> 3.2209038 | F80: =F79*F66 -> 3.0393554 | G80: =G79*G66 -> 3.1044661 | H80: =H79*H66 -> 0 | I80: =I79*I66 -> 0 | J80: =J79*J66 -> 0 | K80: =K79*K66 -> 0 | ... M80: =M79*M66 -> 0 | N80: =AVERAGE(D80:G80) -> 3.2921283
C81: STANDARD TIME =Normal Time *[1+ Allowance Factor(5%)] | D81: =D80*(1+0.05) -> 3.9939775 | E81: =E80*(1+0.05) -> 3.381949 | F81: =F80*(1+0.05) -> 3.1913232 | G81: =G80*(1+0.05) -> 3.2596894 | H81: =H80*(1+0.05) -> 0 | I81: =I80*(1+0.05) -> 0 | J81: =J80*(1+0.05) -> 0 | K81: =K80*(1+0.05) -> 0 | ... M81: =M80*(1+0.05) -> 0 | N81: =AVERAGE(D81:G81) -> 3.4567348
C82: STANDARD PRODUCTIVITY PER MAN-HOUR | D82: =IFERROR(3600/D81,0) -> 901.35711 | E82: =IFERROR(3600/E81,0) -> 1064.475 | F82: =IFERROR(3600/F81,0) -> 1128.0587 | G82: =IFERROR(3600/G81,0) -> 1104.3997 | H82: =IFERROR(3600/H81,0) -> 0 | I82: =IFERROR(3600/I81,0) -> 0 | J82: =IFERROR(3600/J81,0) -> 0 | K82: =IFERROR(3600/K81,0) -> 0 | ... N82: =IFERROR(3600/N81,0) -> 1041.4453

Sheet OUTBOUND CHECKING
B2: TIME AND MOTION STUDY SHEET
B3: Process being observed: | E3: Observer(s): | H3: DAY/TIME of observation: | K3: Name and Designation
B4: OUTBOUND | E4: Hans David Wenceslao
B7: Step No. | C7: Elements | D7: OBSERVED TIMES (sec) | N7: Total Observed Time | P7: AVE | Q7: MAX | R7: WEIGHT PERCENTAGE | S7: Bottleneck | T7: Improvement
D8: T1 | E8: T2 | F8: T3 | G8: T4 | H8: T5 | I8: T6 | J8: T7 | K8: T8 | L8: T9 | M8: T10 | N8: (10 Trials)
B9: 2 | C9: Checking | D9: 134.19 | E9: 263.92 | F9: 95.77 | G9: 215.45 | H9: 488.19 | I9: 293.6 | J9: 236.89 | K9: 260.67 | L9: 118.11 | M9: 269.07 | N9: =SUM(D9:H9) -> 1197.52 | P9: =AVERAGE(D9:M9) -> 237.586 | Q9: =MAX(D9:M9) -> 488.19 | R9: =P9/$P$10 -> 1 | T9: Check in Staging Area then Transport to Docking Area
C10: TOTAL Observed time (Sec) | D10: =sum(D9) -> 134.19 | E10: =sum(E9) -> 263.92 | F10: =sum(F9) -> 95.77 | G10: =sum(G9) -> 215.45 | H10: =sum(H9) -> 488.19 | I10: =sum(I9) -> 293.6 | J10: =sum(J9) -> 236.89 | K10: =sum(K9) -> 260.67 | ... M10: =sum(M9) -> 269.07 | N10: =SUM(D10:H10) -> 1197.52 | O10: TOTAL | P10: =SUM(P9) -> 237.586 | Q10: =SUM(Q9) -> 488.19 | R10: =SUM(R9) -> 1
C11: TOTAL Observed time (Min) | D11: =D10/60 -> 2.2365 | E11: =E10/60 -> 4.3986667 | F11: =F10/60 -> 1.5961667 | G11: =G10/60 -> 3.5908333 | H11: =H10/60 -> 8.1365 | I11: =I10/60 -> 4.8933333 | J11: =J10/60 -> 3.9481667 | K11: =K10/60 -> 4.3445 | ... N11: =N10/60 -> 19.958667
N12: minutes
C13: Number of Pallet | D13: 1 | E13: 1 | F13: 1 | G13: 2 | H13: 4 | I13: 1 | J13: 2 | K13: 2 | L13: 1 | M13: 3
C14: Number of Boxes/Pack
C15: Number of Items | D15: 338 | E15: 705 | F15: 15 | G15: 272 | H15: 140 | I15: 256 | J15: 7038 | K15: 8259 | L15: 5503 | M15: 8502
C16: SKU | D16: PMRL | E16: PMRL | F16: PMRL | G16: PMRL | H16: PMRL | I16: PMRL | J16: PMRL | K16: PMRL | L16: PMRL | M16: PMRL
C17: Account & Brand | D17: MASUMA | E17: MASUMA | F17: MASUMA | G17: MASUMA | H17: MASUMA | I17: MASUMA | J17: MASUMA | K17: MASUMA | L17: MASUMA | M17: MASUMA
C18: Number of Employees | D18: 2 | E18: 2 | F18: 2 | G18: 2 | H18: 2 | I18: 2 | J18: 2 | K18: 2 | L18: 2 | M18: 2
C19: Date & Time | D19: 45663 | E19: 45664 | F19: 45664 | G19: 45664 | H19: 45664 | I19: 45664
C22: Productivity per PALLET | N22: AVE
C23: PERFROMANCE RATING FACTOR % | D23: 1 | E23: 1 | F23: 1 | G23: 1 | H23: 1 | I23: 1 | J23: 1 | K23: 1 | L23: 1 | M23: 1
C24: ave.OBSERVED TIME(sec) | D24: =IFERROR((D10/D13)*D18,0) -> 268.38 | E24: =IFERROR((E10/E13)*E18,0) -> 527.84 | F24: =IFERROR((F10/F13)*F18,0) -> 191.54 | G24: =IFERROR((G10/G13)*G18,0) -> 215.45 | H24: =IFERROR((H10/H13)*H18,0) -> 244.095 | I24: =IFERROR((I10/I13)*I18,0) -> 587.2 | J24: =IFERROR((J10/J13)*J18,0) -> 236.89 | K24: =IFERROR((K10/K13)*K18,0) -> 260.67 | ... M24: =IFERROR((M10/M13)*M18,0) -> 179.38 | N24: =AVERAGE(D24:M24) -> 294.7665
C25: NORMAL TIME = observed * PRF (sec) | D25: =D23*D24 -> 268.38 | E25: =E23*E24 -> 527.84 | F25: =F23*F24 -> 191.54 | G25: =G23*G24 -> 215.45 | H25: =H23*H24 -> 244.095 | I25: =I23*I24 -> 587.2 | J25: =J23*J24 -> 236.89 | K25: =K23*K24 -> 260.67 | ... M25: =M23*M24 -> 179.38 | N25: =AVERAGE(D25:M25) -> 294.7665
C26: STANDARD TIME =Normal Time *[1+ Allowance Factor(5%)] | D26: =D25*(1+0.05) -> 281.799 | E26: =E25*(1+0.05) -> 554.232 | F26: =F25*(1+0.05) -> 201.117 | G26: =G25*(1+0.05) -> 226.2225 | H26: =H25*(1+0.05) -> 256.29975 | I26: =I25*(1+0.05) -> 616.56 | J26: =J25*(1+0.05) -> 248.7345 | K26: =K25*(1+0.05) -> 273.7035 | ... M26: =M25*(1+0.05) -> 188.349 | N26: =AVERAGE(D26:M26) -> 309.50482
C27: STANDARD PRODUCTIVITY PER MAN-HOUR | D27: =Iferror(3600/D26,0) -> 12.775063 | E27: =Iferror(3600/E26,0) -> 6.4954748 | F27: =Iferror(3600/F26,0) -> 17.900028 | G27: =Iferror(3600/G26,0) -> 15.913536 | H27: =Iferror(3600/H26,0) -> 14.046053 | I27: =Iferror(3600/I26,0) -> 5.8388478 | J27: =Iferror(3600/J26,0) -> 14.473264 | K27: =Iferror(3600/K26,0) -> 13.152919 | ... M27: =Iferror(3600/M26,0) -> 19.113454 | N27: =IFerror(3600/N26,0) -> 11.631483
C29: Productivity per BOX/PACK | N29: AVE
C30: ave.OBSERVED TIME(sec) | D30: =IFERROR((D10/D14)*D18,0) -> 0 | E30: =IFERROR((E10/E14)*E18,0) -> 0 | F30: =IFERROR((F10/F14)*F18,0) -> 0 | G30: =IFERROR((G10/G14)*G18,0) -> 0 | H30: =IFERROR((H10/H14)*H18,0) -> 0 | I30: =IFERROR((I10/I14)*I18,0) -> 0 | J30: =IFERROR((J10/J14)*J18,0) -> 0 | K30: =IFERROR((K10/K14)*K18,0) -> 0 | ... M30: =IFERROR((M10/M14)*M18,0) -> 0 | N30: =AVERAGE(D30:H30) -> 0
C31: NORMAL TIME = observed * PRF (sec) | D31: =D30*D23 -> 0 | E31: =E30*E23 -> 0 | F31: =F30*F23 -> 0 | G31: =G30*G23 -> 0 | H31: =H30*H23 -> 0 | I31: =I30*I23 -> 0 | J31: =J30*J23 -> 0 | K31: =K30*K23 -> 0 | ... M31: =M30*M23 -> 0 | N31: =AVERAGE(D31:H31) -> 0
C32: STANDARD TIME =Normal Time *[1+ Allowance Factor(5%)] | D32: =D31*(1+0.05) -> 0 | E32: =E31*(1+0.05) -> 0 | F32: =F31*(1+0.05) -> 0 | G32: =G31*(1+0.05) -> 0 | H32: =H31*(1+0.05) -> 0 | I32: =I31*(1+0.05) -> 0 | J32: =J31*(1+0.05) -> 0 | K32: =K31*(1+0.05) -> 0 | ... M32: =M31*(1+0.05) -> 0 | N32: =AVERAGE(D32:H32) -> 0
C33: STANDARD PRODUCTIVITY PER MAN-HOUR | D33: =Iferror(3600/D32,0) -> 0 | E33: =Iferror(3600/E32,0) -> 0 | F33: =Iferror(3600/F32,0) -> 0 | G33: =Iferror(3600/G32,0) -> 0 | H33: =Iferror(3600/H32,0) -> 0 | I33: =Iferror(3600/I32,0) -> 0 | J33: =Iferror(3600/J32,0) -> 0 | K33: =Iferror(3600/K32,0) -> 0 | ... N33: =Iferror(3600/N32,0) -> 0
C35: Productivity per ITEM | N35: AVE
C36: ave.OBSERVED TIME(sec) | D36: =IFERROR((D10/D15)*D18,0) -> 0.79402367 | E36: =IFERROR((E10/E15)*E18,0) -> 0.74870922 | F36: =IFERROR((F10/F15)*F18,0) -> 12.769333 | G36: =IFERROR((G10/G15)*G18,0) -> 1.5841912 | H36: =IFERROR((H10/H15)*H18,0) -> 6.9741429 | I36: =IFERROR((I10/I15)*I18,0) -> 2.29375 | J36: =IFERROR((J10/J15)*J18,0) -> 0.06731742 | K36: =IFERROR((K10/K15)*K18,0) -> 0.063123865 | ... M36: =IFERROR((M10/M15)*M18,0) -> 0.063295695 | N36: =AVERAGE(D36:M36) -> 2.5400813
C37: NORMAL TIME = observed * PRF (sec) | D37: =D36*D23 -> 0.79402367 | E37: =E36*E23 -> 0.74870922 | F37: =F36*F23 -> 12.769333 | G37: =G36*G23 -> 1.5841912 | H37: =H36*H23 -> 6.9741429 | I37: =I36*I23 -> 2.29375 | J37: =J36*J23 -> 0.06731742 | K37: =K36*K23 -> 0.063123865 | ... M37: =M36*M23 -> 0.063295695 | N37: =AVERAGE(D37:M37) -> 2.5400813
C38: STANDARD TIME =Normal Time *[1+ Allowance Factor(5%)] | D38: =D37*(1+0.05) -> 0.83372485 | E38: =E37*(1+0.05) -> 0.78614468 | F38: =F37*(1+0.05) -> 13.4078 | G38: =G37*(1+0.05) -> 1.6634007 | H38: =H37*(1+0.05) -> 7.32285 | I38: =I37*(1+0.05) -> 2.4084375 | J38: =J37*(1+0.05) -> 0.070683291 | K38: =K37*(1+0.05) -> 0.066280058 | ... M38: =M37*(1+0.05) -> 0.06646048 | N38: =AVERAGE(D38:M38) -> 2.6670854
C39: STANDARD PRODUCTIVITY PER MAN-HOUR | D39: =IFERROR(3600/D38,0) -> 4317.9713 | E39: =IFERROR(3600/E38,0) -> 4579.3097 | F39: =IFERROR(3600/F38,0) -> 268.50043 | G39: =IFERROR(3600/G38,0) -> 2164.241 | H39: =IFERROR(3600/H38,0) -> 491.61187 | I39: =IFERROR(3600/I38,0) -> 1494.745 | J39: =IFERROR(3600/J38,0) -> 50931.415 | K39: =IFERROR(3600/K38,0) -> 54314.98 | ... N39: =IFERROR(3600/N38,0) -> 1349.7881

Sheet 10. QUALITY CHECKING
B2: TIME AND MOTION STUDY SHEET
B3: Process being observed: | E3: Observer(s): | H3: DAY/TIME of observation: | K3: Name and Designation
B4: Quality Checking (Manual Checking) - HJ | E4: Hans David Wenceslao & Nichole Jean Necio
B7: Step No. | C7: Elements | D7: OBSERVED TIMES (sec) | N7: Total Observed Time | P7: AVE | Q7: MAX | R7: WEIGHT PERCENTAGE | S7: Bottleneck | T7: Improvement
D8: TRIAL 1 | E8: TRIAL 2 | F8: TRIAL 3 | G8: TRIAL 4 | H8: TRIAL 5 | I8: TRIAL 6 | J8: TRIAL 7 | K8: TRIAL 8 | L8: TRIAL 9 | M8: TRIAL 10 | N8: (10trial)
B9: 1 | C9: Checking Items According to the Picklist -(PO,Name of Customers,SKU of item,Quantity,Sign the Picklist) -Transfer Basket to Q.C 3 | D9: 15.02 | E9: 12.1 | F9: 15.05 | G9: 8.29 | H9: 9.59 | I9: 7.61 | J9: 10.81 | K9: 24.04 | L9: 23.08 | M9: 17.27 | N9: =SUM(D9:M9) -> 142.86 | P9: =AVERAGE(D9:M9) -> 14.286 | Q9: =MAX(D9:M9) -> 24.04 | R9: =P9/$P$10 -> 1 | S9: Overloaded area causes worker to stop and rearrange baskets | T9: Automated Q.C. like in Hatio can lessen the process of checking orders, it also decreases workers need for the QC and we can assigned them to other process like in packing or picking
C10: TOTAL Observed time (Sec) | D10: =SUM(D9) -> 15.02 | E10: =SUM(E9) -> 12.1 | F10: =SUM(F9) -> 15.05 | G10: =SUM(G9) -> 8.29 | H10: =SUM(H9) -> 9.59 | I10: =SUM(I9) -> 7.61 | J10: =SUM(J9) -> 10.81 | K10: =SUM(K9) -> 24.04 | ... M10: =SUM(M9) -> 17.27 | N10: =SUM(D10:H10) -> 60.05 | O10: TOTAL | P10: =SUM(P9) -> 14.286 | Q10: =SUM(Q9) -> 24.04 | R10: =R9 -> 1
N11: =N10/60 -> 1.0008333
N12: minutes
C13: Order reference number | D13: 652769168817375 | E13: 648731037520411 | F13: PO-6538827051611201 | G13: 653929725248761 | H13: 649679077606601 | I13: 655153182002076 | J13: 651201421711830 | K13: 651417238599737 | L13: 655621515727965 | M13: 651527644528572
C14: Number of Item(s) | D14: 5 | E14: 2 | F14: 4 | G14: 2 | H14: 2 | I14: 6 | J14: 2 | K14: 4 | L14: 2 | M14: 2
C15: Number of Order | D15: 1 | E15: 1 | F15: 1 | G15: 1 | H15: 1 | I15: 1 | J15: 1 | K15: 1 | L15: 1 | M15: 1
C16: Account & Brand | D16: High Jump | NIVEA | E16: High Jump | NIVEA | F16: High Jump | NIVEA | G16: High Jump | NIVEA | H16: High Jump | NIVEA | I16: High Jump | NIVEA | J16: High Jump | NIVEA | K16: High Jump | NIVEA | L16: High Jump | NIVEA | M16: High Jump | NIVEA
C17: Employee Name | D17: Christine Claire Alvarez | E17: Christine Claire Alvarez | F17: Kirsten Ann Delaisla | G17: Kirsten Ann Delaisla | H17: JC | I17: Jashtine Marie Pabillar | J17: Jashtine Marie Pabillar | K17: Casimira Cubilla | L17: Casimira Cubilla | M17: Casimira Cubilla
C18: Note/Cause of delay | E18: *Double Checking Items | F18: *Change Item | H18: *Recheck Items | J18: *Recheck Items *Adjust Bins | K18: *Change Item | L18: *Recheck Items
C19: Date & Time | D19: 05/23/23 | 1035H | E19: 05/23/23 | 1036H | F19: 05/25/23 | 1056H | G19: 05/25/23 | 1057H | H19: 05/25/23 | 1120H | I19: 05/29/23 | 1117H | J19: 05/29/23 | 1118H | K19: 05/29/23 | 1602H | L19: 05/29/23 | 1603 | M19: 05/29/23 | 1605
C21: PRODUCTIVITY PER ORDER/WAYBILL | N21: AVE
C22: PERFROMANCE RATING FACTOR % | D22: 1 | E22: 1 | F22: 1 | G22: 2 | H22: 1.5 | I22: 2 | J22: 1.5 | K22: 1 | L22: 1 | M22: 1 | N22: =AVERAGE(D22:M22) -> 1.3
C23: ave.OBSERVED TIME(sec) | D23: =D$10/D15 -> 15.02 | E23: =E$10/E15 -> 12.1 | F23: =F$10/F15 -> 15.05 | G23: =G$10/G15 -> 8.29 | H23: =H$10/H15 -> 9.59 | I23: =I$10/I15 -> 7.61 | J23: =J$10/J15 -> 10.81 | K23: =K$10/K15 -> 24.04 | ... M23: =M$10/M15 -> 17.27 | N23: =AVERAGE(D23:M23) -> 14.286
C24: NORMAL TIME = observed * PRF (sec) | D24: =D23*D$22 -> 15.02 | E24: =E23*E$22 -> 12.1 | F24: =F23*F$22 -> 15.05 | G24: =G23*G$22 -> 16.58 | H24: =H23*H$22 -> 14.385 | I24: =I23*I$22 -> 15.22 | J24: =J23*J$22 -> 16.215 | K24: =K23*K$22 -> 24.04 | ... M24: =M23*M$22 -> 17.27 | N24: =AVERAGE(D24:M24) -> 16.896
C25: STANDARD TIME =Normal Time *[1+ Allowance Factor(5%)] | D25: =D24*(1+0.05) -> 15.771 | E25: =E24*(1+0.05) -> 12.705 | F25: =F24*(1+0.05) -> 15.8025 | G25: =G24*(1+0.05) -> 17.409 | H25: =H24*(1+0.05) -> 15.10425 | I25: =I24*(1+0.05) -> 15.981 | J25: =J24*(1+0.05) -> 17.02575 | K25: =K24*(1+0.05) -> 25.242 | ... M25: =M24*(1+0.05) -> 18.1335 | N25: =AVERAGE(D25:M25) -> 17.7408
C26: STANDARD PRODUCTIVITY PER MAN-HOUR | D26: =3600/D25 -> 228.26707 | E26: =3600/E25 -> 283.35301 | F26: =3600/F25 -> 227.81206 | G26: =3600/G25 -> 206.78959 | H26: =3600/H25 -> 238.34351 | I26: =3600/I25 -> 225.26751 | J26: =3600/J25 -> 211.44443 | K26: =3600/K25 -> 142.61944 | ... N26: =3600/N25 -> 202.92208
C28: PRODUCTIVITY PER ITEM | N28: AVE
C29: ave.OBSERVED TIME(sec) | D29: =D$10/D$14 -> 3.004 | E29: =E$10/E$14 -> 6.05 | F29: =F$10/F$14 -> 3.7625 | G29: =G$10/G$14 -> 4.145 | H29: =H$10/H$14 -> 4.795 | I29: =I$10/I$14 -> 1.2683333 | J29: =J$10/J$14 -> 5.405 | K29: =K$10/K$14 -> 6.01 | ... M29: =M$10/M$14 -> 8.635 | N29: =AVERAGE(D29:M29) -> 5.4614833
C30: NORMAL TIME = observed * PRF (sec) | D30: =D29*D$22 -> 3.004 | E30: =E29*E$22 -> 6.05 | F30: =F29*F$22 -> 3.7625 | G30: =G29*G$22 -> 8.29 | H30: =H29*H$22 -> 7.1925 | I30: =I29*I$22 -> 2.5366667 | J30: =J29*J$22 -> 8.1075 | K30: =K29*K$22 -> 6.01 | ... M30: =M29*M$22 -> 8.635 | N30: =AVERAGE(D30:M30) -> 6.5128167
C31: STANDARD TIME =Normal Time *[1+ Allowance Factor(5%)] | D31: =D30*(1+0.05) -> 3.1542 | E31: =E30*(1+0.05) -> 6.3525 | F31: =F30*(1+0.05) -> 3.950625 | G31: =G30*(1+0.05) -> 8.7045 | H31: =H30*(1+0.05) -> 7.552125 | I31: =I30*(1+0.05) -> 2.6635 | J31: =J30*(1+0.05) -> 8.512875 | K31: =K30*(1+0.05) -> 6.3105 | ... M31: =M30*(1+0.05) -> 9.06675 | N31: =AVERAGE(D31:M31) -> 6.8384575
C32: STANDARD PRODUCTIVITY PER MAN-HOUR | D32: =3600/D31 -> 1141.3354 | E32: =3600/E31 -> 566.70602 | F32: =3600/F31 -> 911.24822 | G32: =3600/G31 -> 413.57918 | H32: =3600/H31 -> 476.68703 | I32: =3600/I31 -> 1351.605 | J32: =3600/J31 -> 422.88886 | K32: =3600/K31 -> 570.47778 | ... N32: =3600/N31 -> 526.43451
B37: TIME AND MOTION STUDY SHEET
B38: Process being observed: | E38: Observer(s): | H38: DAY/TIME of observation: | K38: Name and Designation
B39: Quality Checking (Scanning - Packer assignment) - HJ | E39: Nichole Necio
B42: Step No. | C42: Elements | D42: OBSERVED TIMES (sec) | N42: Total Observed Time | P42: AVE | Q42: MAX | R42: WEIGHT PERCENTAGE | S42: Bottleneck | T42: Improvement
D43: TRIAL 1 | E43: TRIAL 2 | F43: TRIAL 3 | G43: TRIAL 4 | H43: TRIAL 5 | I43: TRIAL 6 | J43: TRIAL 7 | K43: TRIAL 8 | L43: TRIAL 9 | M43: TRIAL 10 | N43: (10trial)
B44: 1 | C44: -Scan Baskets -Insert Q.C. 2 Name -Insert Packer Name | D44: 69 | E44: 60.06 | F44: 113.09 | G44: 54 | H44: 25.29 | I44: 30.44 | J44: 78.33 | K44: 24.79 | L44: 27 | M44: 45.12 | N44: =SUM(D44:M44) -> 527.12 | P44: =AVERAGE(D44:M44) -> 52.712 | Q44: =MAX(D44:M44) -> 113.09 | R44: =P44/$P$45 -> 1 | S44: When the bin have many Q'Cs 2 makes the Q'Cs 3 stops scanning to generate the bin Q'Cs 2 and go back to scan the rest | T44: Packer must get bin that has the same Q'Cs 2 workers
C45: TOTAL Observed time (Sec) | D45: =SUM(D44) -> 69 | E45: =SUM(E44) -> 60.06 | F45: =SUM(F44) -> 113.09 | G45: =SUM(G44) -> 54 | H45: =SUM(H44) -> 25.29 | I45: =SUM(I44) -> 30.44 | J45: =SUM(J44) -> 78.33 | K45: =SUM(K44) -> 24.79 | ... M45: =SUM(M44) -> 45.12 | N45: =SUM(D45:M45) -> 527.12 | O45: TOTAL | P45: =SUM(P44) -> 52.712 | Q45: =SUM(Q44) -> 113.09 | R45: =SUM(R44) -> 1
D46: =D45/60 -> 1.15 | E46: =E45/60 -> 1.001 | F46: =F45/60 -> 1.8848333 | G46: =G45/60 -> 0.9 | J46: =J45/60 -> 1.3055 | M46: =M45/60 -> 0.752 | N46: =N45/60 -> 8.7853333
N47: minutes
C48: Order reference number | D48: 656070521786384 | E48: 652028279609242 | F48: 651965462951374 | G48: 656120989145987 | H48: 656266105410678 | I48: 6.5623615e+15 | J48: 652173010754653 | K48: 656729378360414 | L48: 652649633251405 | M48: 656569150736047
C49: Number of ORDER/Basket(s) | D49: 11 | E49: 8 | F49: 28 | G49: 11 | H49: 5 | I49: 6 | J49: 13 | K49: 7 | L49: 10 | M49: 9
C50: Packaging Type and Size (Box/Pouch) | D50: Medium | E50: Small | F50: Small | G50: Small | H50: Small | I50: Small | K50: Small | L50: Small | M50: Small
C51: Account & Brand | D51: High Jump | NIVEA | E51: High Jump | NIVEA | F51: High Jump | NIVEA | G51: High Jump | NIVEA | H51: High Jump | NIVEA | I51: High Jump | NIVEA | J51: High Jump | NIVEA | K51: High Jump | NIVEA | L51: High Jump | NIVEA | M51: High Jump | NIVEA
C52: Employee Name | D52: JC | E52: JC | F52: JC | G52: JC | H52: JC | I52: JC | J52: JC | K52: JC | L52: JC | M52: JC
C53: Note/Cause of delay | E53: *Generate different Q'C 's | M53: *Fixing Unstable Bin *Generate different Q'Cs
C54: Date & Time | E54: 05/30/23 | 1406H | F54: 05/30/23 | 1408H | G54: 05/30/23 | 1410H | H54: 05/30/23 | 1629H | I54: 05/30/23 | 1636H | J54: 05/30/23 | 1440H | K54: 05/31/23 | 1310H | L54: 05/31/23 | 1338H | M54: 06/01/23 | 1318H
C56: PRODUCTIVITY PER ORDER | N56: AVE
C57: PERFROMANCE RATING FACTOR % | D57: 1 | E57: 0.8 | F57: 1.4 | G57: 1 | H57: 1 | I57: 1 | J57: 1 | K57: 1.5 | L57: 2 | M57: 1 | N57: =AVERAGE(D57:M57) -> 1.17
C58: ave.OBSERVED TIME(sec) | D58: =D$45/D49 -> 6.2727273 | E58: =E$45/E49 -> 7.5075 | F58: =F$45/F49 -> 4.0389286 | G58: =G$45/G49 -> 4.9090909 | H58: =H$45/H49 -> 5.058 | I58: =I$45/I49 -> 5.0733333 | J58: =J$45/J49 -> 6.0253846 | K58: =K$45/K49 -> 3.5414286 | ... M58: =M$45/M49 -> 5.0133333 | N58: =AVERAGE(D58:M58) -> 5.0139727
C59: NORMAL TIME = observed * PRF (sec) | D59: =D58*D$57 -> 6.2727273 | E59: =E58*E$57 -> 6.006 | F59: =F58*F$57 -> 5.6545 | G59: =G58*G$57 -> 4.9090909 | H59: =H58*H$57 -> 5.058 | I59: =I58*I$57 -> 5.0733333 | J59: =J58*J$57 -> 6.0253846 | K59: =K58*K$57 -> 5.3121429 | ... M59: =M58*M$57 -> 5.0133333 | N59: =AVERAGE(D59:M59) -> 5.4724512
C60: STANDARD TIME =Normal Time *[1+ Allowance Factor(5%)] | D60: =D59*(1+0.05) -> 6.5863636 | E60: =E59*(1+0.05) -> 6.3063 | F60: =F59*(1+0.05) -> 5.937225 | G60: =G59*(1+0.05) -> 5.1545455 | H60: =H59*(1+0.05) -> 5.3109 | I60: =I59*(1+0.05) -> 5.327 | J60: =J59*(1+0.05) -> 6.3266538 | K60: =K59*(1+0.05) -> 5.57775 | ... M60: =M59*(1+0.05) -> 5.264 | N60: =AVERAGE(D60:M60) -> 5.7460738
C61: STANDARD PRODUCTIVITY PER MAN-HOUR | D61: =3600/D60 -> 546.58385 | E61: =3600/E60 -> 570.85771 | F61: =3600/F60 -> 606.34387 | G61: =3600/G60 -> 698.4127 | H61: =3600/H60 -> 677.85121 | I61: =3600/I60 -> 675.80252 | J61: =3600/J60 -> 569.02117 | K61: =3600/K60 -> 645.42154 | ... N61: =3600/N60 -> 626.51475
B66: TIME AND MOTION STUDY SHEET
B67: Process being observed: | E67: Observer(s): | H67: DAY/TIME of observation: | K67: Employee Name and Designation
B68: Quality Checking - HAT | E68: Hans David Wenceslao
B71: Step No. | C71: Elements | D71: OBSERVED TIMES (sec) | N71: Total Observed Time | P71: AVE | Q71: MAX | R71: PERCENTAGE | S71: Bottleneck | T71: Improvement
D72: TRIAL 1 | E72: TRIAL 2 | F72: TRIAL 3 | G72: TRIAL 4 | H72: TRIAL 5 | I72: TRIAL 6 | J72: TRIAL 7 | K72: TRIAL 8 | L72: TRIAL 9 | M72: TRIAL 10 | N72: (10trial)
B73: 1 | C73: Check and Scan -Scan R.O. Number / Bin -Scan Product Individually | D73: 146.4 | E73: 28.41 | F73: 30.63 | G73: 25.22 | H73: 62.55 | I73: 17.11 | J73: 31.23 | K73: 76.21 | L73: 21.18 | M73: 9.64 | N73: =SUM(D73:M73) -> 448.58 | P73: =AVERAGE(D73:H73) -> 58.642 | Q73: =MAX(D73:H73) -> 146.4 | R73: =P73/$P$75 -> 0.7463663 | S73: Slow Scanning the Checkers are good but the system that they used is very slow and it take approximately 3 seconds to scan just 1 item.It has a huge effect especially when there a huge amount of orders. | T73: Transporting Baskets to Q.C. should be cleaned and neat to avoid confusions Updating or solving the problem on the system scanning could improve the operations.
B74: 2 | C74: Print of Waybill and Transfer to Mobile Rack | D74: 21.18 | E74: 23.05 | F74: 7.56 | G74: 17.11 | H74: 30.74 | I74: 20.12 | J74: 18.98 | K74: 23.23 | L74: 15.48 | M74: 14.15 | N74: =SUM(D74:M74) -> 191.6 | P74: =AVERAGE(D74:H74) -> 19.928 | Q74: =MAX(D74:H74) -> 30.74 | R74: =P74/$P$75 -> 0.2536337
C75: TOTAL Observed time (Sec) | D75: =SUM(D73:D74) -> 167.58 | E75: =SUM(E73:E74) -> 51.46 | F75: =SUM(F73:F74) -> 38.19 | G75: =SUM(G73:G74) -> 42.33 | H75: =SUM(H73:H74) -> 93.29 | I75: =SUM(I73:I74) -> 37.23 | J75: =SUM(J73:J74) -> 50.21 | K75: =SUM(K73:K74) -> 99.44 | ... M75: =SUM(M73:M74) -> 23.79 | N75: =SUM(D75:M75) -> 640.18 | O75: TOTAL | P75: =SUM(P73:P74) -> 78.57 | Q75: =SUM(Q73:Q74) -> 177.14 | R75: =SUM(R73:R74) -> 1
D76: =D75/60 -> 2.793 | H76: =H75/60 -> 1.5548333 | K76: =K75/60 -> 1.6573333 | N76: =N75/60 -> 10.669667
N77: minutes
C78: Number of Items | D78: 45 | E78: 7 | F78: 1 | G78: 3 | H78: 14 | I78: 1 | J78: 2 | K78: 2 | L78: 3 | M78: 1
C79: Number of Order | D79: 1 | E79: 1 | F79: 1 | G79: 1 | H79: 1 | I79: 1 | J79: 1 | K79: 1 | L79: 1 | M79: 1
C80: Order Referrence Number | D80: 230516TOSJ9WXN | E80: 230516UE341CTB | F80: 647936813731860 | G80: 648273243175364 | H80: 652071150791481 | I80: 648691674809415 | J80: 648645294554667 | K80: RO-202352313634736 | L80: 651515228002361 | M80: 655547797928654
C81: Account & Brand | D81: Hatio | Mondelez | E81: Hatio | Mondelez | F81: Hatio | Mondelez | G81: Hatio | Mondelez | H81: Hatio | Mondelez | I81: Hatio | Pilmico | J81: Hatio | Pilmico | K81: Hatio | Pilmico | L81: Hatio | Pilmico | M81: Hatio | Pilmico
C82: Employee Name | D82: JC Jayne Cruz | E82: Tochie Cagula | F82: Kirsten Ann Delaisla | G82: Jashtine Marie Pabillar | H82: Jashtine Marie Pabillar | I82: Ann Jello Ventura | J82: Ann Jello Ventura | K82: Ann Jello Ventura | L82: Tochie Cagula | M82: Tochie Cagula
C83: Note/Cause of Delays | D83: *Slow System Scanning | E83: *Slow System Scanning *Slow Internet | F83: *Incorrect Product *Slow System Scanning | G83: *Slow System Scanning | H83: *Slow System Scanning | I83: *Slow System Scanning *Laptop Keyboard has Defect | J83: *Slow System Scanning *Laptop Keyboard has Defect | K83: *Medium Sized Item *Slow System Scanning *Laptop Keyboard has Defect | L83: *3 Medium Sized Item | M83: *1 Sack or Large Sized Item
C84: Date & Time | D84: 05/17/23 | 0850H - 0854H | E84: 5/17/23/ | 0958H - 0959H | F84: 05/22/23 | 0942H | G84: 05/22/23 | 1127H | H84: 05/22/23 | 0947H - 0949H | I84: 05/23/23 | 0932H - 0933H | J84: 05/23/23 | 0935H | K84: 05/24/23 | 1016H - 1017H | L84: 05/24/23 | 1300H | M84: 05/24/23 | 1305H
C86: PRODUCTIVITY PER ORDER | N86: AVE
C87: PERFROMANCE RATING FACTOR % | D87: 0.3 | E87: 1 | F87: 1.4 | G87: 1.4 | H87: 0.6 | I87: 1.5 | J87: 1 | K87: 0.5 | L87: 1.5 | M87: 2.3 | N87: =AVERAGE(D87:M87) -> 1.15
C88: ave.OBSERVED TIME(sec) | D88: =D$75/D79 -> 167.58 | E88: =E$75/E79 -> 51.46 | F88: =F$75/F79 -> 38.19 | G88: =G$75/G79 -> 42.33 | H88: =H$75/H79 -> 93.29 | I88: =I$75/I79 -> 37.23 | J88: =J$75/J79 -> 50.21 | K88: =K$75/K79 -> 99.44 | ... M88: =M$75/M79 -> 23.79 | N88: =AVERAGE(D88:M88) -> 64.018
C89: NORMAL TIME = observed * PRF (sec) | D89: =D88*D$87 -> 50.274 | E89: =E88*E$87 -> 51.46 | F89: =F88*F$87 -> 53.466 | G89: =G88*G$87 -> 59.262 | H89: =H88*H$87 -> 55.974 | I89: =I88*I$87 -> 55.845 | J89: =J88*J$87 -> 50.21 | K89: =K88*K$87 -> 49.72 | ... M89: =M88*M$87 -> 54.717 | N89: =AVERAGE(D89:M89) -> 53.5918
C90: STANDARD TIME =Normal Time *[1+ Allowance Factor(5%)] | D90: =D89*(1+0.05) -> 52.7877 | E90: =E89*(1+0.05) -> 54.033 | F90: =F89*(1+0.05) -> 56.1393 | G90: =G89*(1+0.05) -> 62.2251 | H90: =H89*(1+0.05) -> 58.7727 | I90: =I89*(1+0.05) -> 58.63725 | J90: =J89*(1+0.05) -> 52.7205 | K90: =K89*(1+0.05) -> 52.206 | ... M90: =M89*(1+0.05) -> 57.45285 | N90: =AVERAGE(D90:M90) -> 56.27139
C91: STANDARD PRODUCTIVITY PER MAN-HOUR | D91: =3600/D90 -> 68.197705 | E91: =3600/E90 -> 66.625951 | F91: =3600/F90 -> 64.1262 | G91: =3600/G90 -> 57.854467 | H91: =3600/H90 -> 61.252929 | I91: =3600/I90 -> 61.394421 | J91: =3600/J90 -> 68.284633 | K91: =3600/K90 -> 68.957591 | ... N91: =3600/N90 -> 63.975672
C93: PRODUCTIVITY PER ITEM | N93: AVE
C94: ave.OBSERVED TIME(sec) | D94: =D$75/D78 -> 3.724 | E94: =E$75/E78 -> 7.3514286 | F94: =F$75/F78 -> 38.19 | G94: =G$75/G78 -> 14.11 | H94: =H$75/H78 -> 6.6635714 | I94: =I$75/I78 -> 37.23 | J94: =J$75/J78 -> 25.105 | K94: =K$75/K78 -> 49.72 | ... M94: =M$75/M78 -> 23.79 | N94: =AVERAGE(D94:M94) -> 21.8104
C95: NORMAL TIME = observed * PRF (sec) | D95: =D94*D$87 -> 1.1172 | E95: =E94*E$87 -> 7.3514286 | F95: =F94*F$87 -> 53.466 | G95: =G94*G$87 -> 19.754 | H95: =H94*H$87 -> 3.9981429 | I95: =I94*I$87 -> 55.845 | J95: =J94*J$87 -> 25.105 | K95: =K94*K$87 -> 24.86 | ... M95: =M94*M$87 -> 54.717 | N95: =AVERAGE(D95:M95) -> 26.454377
C96: STANDARD TIME =Normal Time *[1+ Allowance Factor(5%)] | D96: =D95*(1+0.05) -> 1.17306 | E96: =E95*(1+0.05) -> 7.719 | F96: =F95*(1+0.05) -> 56.1393 | G96: =G95*(1+0.05) -> 20.7417 | H96: =H95*(1+0.05) -> 4.19805 | I96: =I95*(1+0.05) -> 58.63725 | J96: =J95*(1+0.05) -> 26.36025 | K96: =K95*(1+0.05) -> 26.103 | ... M96: =M95*(1+0.05) -> 57.45285 | N96: =AVERAGE(D96:M96) -> 27.777096
C97: STANDARD PRODUCTIVITY PER MAN-HOUR | D97: =3600/D96 -> 3068.8967 | E97: =3600/E96 -> 466.38166 | F97: =3600/F96 -> 64.1262 | G97: =3600/G96 -> 173.5634 | H97: =3600/H96 -> 857.541 | I97: =3600/I96 -> 61.394421 | J97: =3600/J96 -> 136.56927 | K97: =3600/K96 -> 137.91518 | ... N97: =3600/N96 -> 129.60318
B102: TIME AND MOTION STUDY SHEET
B103: Process being observed: | E103: Observer(s): | H103: DAY/TIME of observation: | K103: Employee Name and Designation
B104: Quality Secret Lab - HAT | E104: Hans David Wenceslao
B107: Step No. | C107: Elements | D107: OBSERVED TIMES (sec) | N107: Total Observed Time | P107: AVE | Q107: MAX | R107: PERCENTAGE | S107: Bottleneck | T107: Improvement
D108: TRIAL 1 | E108: TRIAL 2 | F108: TRIAL 3 | G108: TRIAL 4 | H108: TRIAL 5 | I108: TRIAL 6 | J108: TRIAL 7 | K108: TRIAL 8 | L108: TRIAL 9 | M108: TRIAL 10 | N108: (10trial)
B109: 1 | C109: Checking if informations are the same in Waybill and Picklist | D109: 85 | E109: 108 | F109: 612 | G109: 1683 | H109: 1164 | N109: =SUM(D109:M109) -> 3652 | P109: =AVERAGE(D109:H109) -> 730.4 | Q109: =MAX(D109:H109) -> 1683 | R109: =P109/$P$110 -> 1 | S109: Slow Scanning the Checkers are good but the system that they used is very slow and it take approximately 3 seconds to scan just 1 item.It has a huge effect especially when there a huge amount of orders. | T109: Transporting Baskets to Q.C. should be cleaned and neat to avoid confusions Updating or solving the problem on the system scanning could improve the operations.
C110: TOTAL Observed time (Sec) | D110: =SUM(D109) -> 85 | E110: =SUM(E109) -> 108 | F110: =SUM(F109) -> 612 | G110: =SUM(G109) -> 1683 | H110: =SUM(H109) -> 1164 | N110: =SUM(D110:M110) -> 3652 | O110: TOTAL | P110: =SUM(P109) -> 730.4 | Q110: =SUM(Q109) -> 1683 | R110: =SUM(R109) -> 1
D111: =D110/60 -> 1.4166667 | E111: =E110/60 -> 1.8 | F111: =F110/60 -> 10.2 | G111: =G110/60 -> 28.05 | H111: =H110/60 -> 19.4 | N111: =N110/60 -> 60.866667
D112: =D111/D114 -> 1.4166667 | E112: =E111/E114 -> 1.8 | F112: =F111/F114 -> 1.7 | G112: =G111/G114 -> 2.0035714 | H112: =H111/H114 -> 2.1555556 | N112: minutes
C113: Order Referrence Number | D113: 230528UDYM4MSY | E113: 651046832008139 | F113: 230606KUP3TT9K 230606KTNGEWV1 230606KTYMS11X 230606KUXMJ8FS 230606K69MSY3F 230606KY1FWFB3 | G113: 230606KWQ6MDN 65979275164687 6597211783827021 659772538652576 65971398160756 659810709948213 659728373093898 659794360923423 659792502915008 655535095529333 655686275841722 655606013574719 655568291035035 655567490572123 | H113: 230606MWKBUATK 230606MYJT79RR 230606N22USY2C 230606MCH14MR4 230606M3HUFCVH 230606M5K40X21 230606MWM2PT10 230606LTKWX4U3 230606KWF46QP5
C114: Number of Order | D114: 1 | E114: 1 | F114: 6 | G114: 14 | H114: 9
C115: Account & Brand | D115: Hatio | SLB | E115: Hatio | SLB | F115: Hatio | SLB | G115: Hatio | SLB | H115: Hatio | SLB
C116: Employee Name | D116: Claire Lyca Joan | E116: Claire Lyca Joan | F116: Claire Lyca Joan Rachele | G116: Claire Lyca Joan Rachele | H116: Lyca Joan Tochie
C117: Number of Employees | D117: 3 | E117: 3 | F117: 3 | G117: 3 | H117: 3
C118: Note/Cause of Delays
C119: Date & Time | D119: 05/17/23 | 0850H - 0854H | E119: 5/17/23/ | 0958H - 0959H | F119: 05/22/23 | 0942H | G119: 05/22/23 | 1127H | H119: 05/22/23 | 0947H - 0949H
C121: PRODUCTIVITY PER ORDER | N121: AVE
C122: PERFROMANCE RATING FACTOR % | D122: 1.1 | E122: 1 | F122: 1 | G122: 1 | H122: 0.95
C123: ave.OBSERVED TIME(sec) | D123: =(D110/D$114)*D117 -> 255 | E123: =(E110/E$114)*E117 -> 324 | F123: =(F110/F$114)*F117 -> 306 | G123: =(G110/G$114)*G117 -> 360.64286 | H123: =(H110/H$114)*H117 -> 388 | N123: =AVERAGE(D123:H123) -> 326.72857
C124: NORMAL TIME = observed * PRF (sec) | D124: =D123*D$122 -> 280.5 | E124: =E123*E$122 -> 324 | F124: =F123*F$122 -> 306 | G124: =G123*G$122 -> 360.64286 | H124: =H123*H$122 -> 368.6 | N124: =AVERAGE(D124:H124) -> 327.94857
C125: STANDARD TIME =Normal Time *[1+ Allowance Factor(5%)] | D125: =D124*(1+0.05) -> 294.525 | E125: =E124*(1+0.05) -> 340.2 | F125: =F124*(1+0.05) -> 321.3 | G125: =G124*(1+0.05) -> 378.675 | H125: =H124*(1+0.05) -> 387.03 | N125: =AVERAGE(D125:H125) -> 344.346
C126: STANDARD PRODUCTIVITY PER MAN-HOUR | D126: =3600/D125 -> 12.223071 | E126: =3600/E125 -> 10.582011 | F126: =3600/F125 -> 11.204482 | G126: =3600/G125 -> 9.506833 | H126: =3600/H125 -> 9.3016045 | N126: =3600/N125 -> 10.454601

Sheet PICKING-MONDELEZ
B2: TIME AND MOTION STUDY SHEET
B3: Process being observed: | E3: Observer(s): | H3: DAY/TIME of observation: | K3: Name and Designation
B4: Picking | H4: May 16, 2023 / WED / 9:06 AM - 9:16 AM
B7: Step No. | C7: Elements | D7: OBSERVED TIMES (sec) | N7: Total Observed Time | P7: AVE | Q7: MAX | R7: WEIGHT PERCENTAGE | S7: Bottleneck | T7: Improvement
D8: TRIAL 1 | E8: TRIAL 2 | F8: TRIAL 3 | G8: TRIAL 4 | H8: TRIAL 5 | I8: TRIAL 6 | J8: TRIAL 7 | K8: TRIAL 8 | L8: TRIAL 9 | M8: TRIAL 10 | N8: (10trial)
B9: 1 | C9: Picking items on Shelves -Accepting Order -Scan Basket -Find Location -Scan Carton Q.R. -Scan Product per Quantity | D9: ='[11]PICK MONDE (HAT)'!$D$8 -> #REF! | E9: ='[11]PICK MONDE (HAT)'!$E$8 -> #REF! | F9: ='[11]PICK MONDE (HAT)'!$F$8 -> #REF! | G9: ='[11]PICK MONDE (HAT)'!$G$8 -> #REF! | H9: ='[11]PICK MONDE (HAT)'!$H$8 -> #REF! | I9: 221.67 | J9: 204.85 | K9: 461.35 | L9: 543.91 | M9: 70.48 | N9: =SUM(D9:M9) -> #REF! | P9: =AVERAGE(D9:M9) -> #REF! | Q9: =MAX(D9:M9) -> #REF! | R9: =P9/$P$11 -> #REF! | S9: Some of the Scanning Devices used doesn't automatically receive the SKU in the system, there are some steps they need to do before re-scanning again.
B10: 2 | C10: Transportation of the basket on Q.C. Station | D10: ='[11]PICK MONDE (HAT)'!$D$12 -> #REF! | E10: ='[11]PICK MONDE (HAT)'!$E$12 -> #REF! | F10: ='[11]PICK MONDE (HAT)'!$F$12 -> #REF! | G10: ='[11]PICK MONDE (HAT)'!$G$12 -> #REF! | H10: ='[11]PICK MONDE (HAT)'!$H$12 -> #REF! | I10: 6.09 | J10: 6.38 | K10: 11.96 | L10: 7.76 | M10: 9.88 | N10: =SUM(D10:M10) -> #REF! | P10: =AVERAGE(D10:M10) -> #REF! | Q10: =MAX(D10:M10) -> #REF! | R10: =P10/$P$11 -> #REF!
C11: TOTAL Observed time (Sec) | D11: =SUM(D9:D10) -> #REF! | E11: =SUM(E9:E10) -> #REF! | F11: =SUM(F9:F10) -> #REF! | G11: =SUM(G9:G10) -> #REF! | H11: =SUM(H9:H10) -> #REF! | I11: =SUM(I9:I10) -> 227.76 | J11: =SUM(J9:J10) -> 211.23 | K11: =SUM(K9:K10) -> 473.31 | ... M11: =SUM(M9:M10) -> 80.36 | N11: =SUM(D11:H11) -> #REF! | O11: TOTAL | P11: =SUM(P9:P10) -> #REF! | Q11: =SUM(Q9:Q10) -> #REF!
N12: =N11/60 -> #REF!
N13: minutes
C14: Order reference number | D14: RO-202305169555218 | E14: RO-202351617537401 | F14: RO-202352171929937 | G14: RO-20235220181797 | H14: RO2023525142633520 | I14: RO-202352882332934 | J14: RO-20235289233490 | K14: RO-202352892013501 | L14: RO-2023528812826174 | M14: RO-202352813937559
C15: Number of Item(s) | D15: 31 | E15: 7 | F15: 19 | G15: 5 | H15: 4 | I15: 6 | J15: 4 | K15: 9 | L15: 61 | M15: 1
C16: Packaging Type and Size (Box/Pouch) | D16: Medium | E16: Small | F16: Small | G16: Small | H16: Small | I16: Small | J16: Small | K16: Small | L16: Small | M16: Small
C17: Account & Brand | D17: Hatio | Mondelez | E17: Hatio | Mondelez | F17: Hatio | Mondelez | G17: Hatio | Mondelez | H17: Hatio | Mondelez | I17: Hatio | Mondelez | J17: Hatio | Mondelez | K17: Hatio | Mondelez | L17: Hatio | Mondelez | M17: Hatio | Mondelez
C18: Employee Name | D18: Edwin Tabora | E18: James Carlo Ranola | F18: Edwin Tabora | G18: RJ Anthony Villanueva | H18: RJ Anthony Villanueva | I18: RJ Anthony Villanueva | J18: RJ Anthony Villanueva | K18: RJ Anthony Villanueva | L18: Erwin Tandaan | M18: Erwin Tandaan
C19: Note/Cause of delay | D19: *Slow Device *Problem with the Device | E19: *Slow Device | G19: *Slow Device | H19: *Internet Problem | I19: * Slow Device *Bin Unreadable | J19: * Slow Device | K19: *Internet Problem *Slow Device | L19: *Having Problems Finding Locations *61 Small Items 6 Different Locations
C22: PRODUCTIVITY PER ITEM | N22: AVE
C23: PERFROMANCE RATING FACTOR % | D23: 1 | E23: 1 | F23: 1 | G23: 1 | H23: 1 | I23: 1 | J23: 1 | K23: 1 | L23: 1 | M23: 1 | N23: =AVERAGE(D23:M23) -> 1
C24: ave.OBSERVED TIME(sec) | D24: =D11/D15 -> #REF! | E24: =E11/E15 -> #REF! | F24: =F11/F15 -> #REF! | G24: =G11/G15 -> #REF! | H24: =H11/H15 -> #REF! | I24: =I11/I15 -> 37.96 | J24: =J11/J15 -> 52.8075 | K24: =K11/K15 -> 52.59 | ... M24: =M11/M15 -> 80.36 | N24: =AVERAGE(D24:M24) -> #REF!
C25: NORMAL TIME = observed * PRF (sec) | D25: =D24*D23 -> #REF! | E25: =E24*E23 -> #REF! | F25: =F24*F23 -> #REF! | G25: =G24*G23 -> #REF! | H25: =H24*H23 -> #REF! | I25: =I24*I23 -> 37.96 | J25: =J24*J23 -> 52.8075 | K25: =K24*K23 -> 52.59 | ... M25: =M24*M23 -> 80.36 | N25: =AVERAGE(D25:M25) -> #REF!
C26: STANDARD TIME =Normal Time *[1+ Allowance Factor(5%)] | D26: =D25*(1+0.05) -> #REF! | E26: =E25*(1+0.05) -> #REF! | F26: =F25*(1+0.05) -> #REF! | G26: =G25*(1+0.05) -> #REF! | H26: =H25*(1+0.05) -> #REF! | I26: =I25*(1+0.05) -> 39.858 | J26: =J25*(1+0.05) -> 55.447875 | K26: =K25*(1+0.05) -> 55.2195 | ... M26: =M25*(1+0.05) -> 84.378 | N26: =AVERAGE(D26:M26) -> #REF!
C27: STANDARD PRODUCTIVITY PER MAN-HOUR | D27: =(D26/3600)*100 -> #REF! | E27: =(E26/3600)*100 -> #REF! | F27: =(F26/3600)*100 -> #REF! | G27: =(G26/3600)*100 -> #REF! | H27: =(H26/3600)*100 -> #REF! | I27: =(I26/3600)*100 -> 1.1071667 | J27: =(J26/3600)*100 -> 1.5402187 | K27: =(K26/3600)*100 -> 1.533875 | ... M27: =(M26/3600)*100 -> 2.3438333 | N27: =3600/N26 -> #REF!
C29: allowance | D29: 0.05
C30: manhour | D30: 1hr = 3600sec

Sheet PICKING-PILMICO
B2: TIME AND MOTION STUDY SHEET
B3: Process being observed: | E3: Observer(s): | H3: DAY/TIME of observation: | K3: Name and Designation
B4: Picking | E4: Hans David Wenceslao | H4: May 26, 2023 / 10 AM onwards |
B7: Step No. | C7: Elements | D7: OBSERVED TIMES (sec) | N7: Total Observed Time | P7: AVE | Q7: MAX | R7: WEIGHT PERCENTAGE | S7: Bottleneck | T7: Improvement
D8: TRIAL 1 | E8: TRIAL 2 | F8: TRIAL 3 | G8: TRIAL 4 | H8: TRIAL 5 | I8: TRIAL 6 | J8: TRIAL 7 | K8: TRIAL 8 | L8: TRIAL 9 | M8: TRIAL 10 | N8: (10trial)
B9: 1 | C9: Picking items on Shelves -Accepting Order -Scan Basket -Find Location -Getting the Item by Reachlift -Scan Carton Q.R. -Scan Product per Quantity | D9: 616.25 | E9: 1390.24 | F9: 733.03 | G9: 572.36 | H9: 418.57 | I9: 500.95 | J9: 674.97 | K9: 606.17 | L9: 1299.14 | M9: 884.78 | N9: =SUM(D9:M9) -> 7696.46 | P9: =AVERAGE(D9:M9) -> 769.646 | Q9: =MAX(D9:M9) -> 1390.24 | R9: =P9/$P$11 -> 0.8975495
B10: 2 | C10: Transportation of the basket on Q.C. Station | D10: 91.63 | E10: 143.21 | F10: 110.11 | G10: 82.57 | H10: 99.98 | I10: 76.16 | J10: 62.26 | K10: 104.11 | L10: 66.74 | M10: 41.74 | N10: =SUM(D10:M10) -> 878.51 | P10: =AVERAGE(D10:M10) -> 87.851 | Q10: =MAX(D10:M10) -> 143.21 | R10: =P10/$P$11 -> 0.1024505
C11: TOTAL Observed time (Sec) | D11: =SUM(D9:D10) -> 707.88 | E11: =SUM(E9:E10) -> 1533.45 | F11: =SUM(F9:F10) -> 843.14 | G11: =SUM(G9:G10) -> 654.93 | H11: =SUM(H9:H10) -> 518.55 | I11: =SUM(I9:I10) -> 577.11 | J11: =SUM(J9:J10) -> 737.23 | K11: =SUM(K9:K10) -> 710.28 | ... M11: =SUM(M9:M10) -> 926.52 | N11: =SUM(D11:H11) -> 4257.95 | O11: TOTAL | P11: =SUM(P9:P10) -> 857.497 | Q11: =SUM(Q9:Q10) -> 1533.45
N12: =N11/60 -> 70.965833
N13: minutes
C15: Order reference number | D15: *RO-202352513286379 *RO-2023525141850285 *RO-2023525142835543 *RO-2023525142847445 *RO-2023525142939430 *RO-2023525144734728 *RO-202352515920621 | E15: *RO-202352615752380 *RO-20235262533568 *RO-20235262343816 *RO-202352623526370 *RO-202352624927292 *RO-202352625049133 *RO-20235263541850 | F15: *RO-20235263541850 *RO-202352632650381 *RO-202352642235541 | G15: *RO-2023528103246571 *RO-2023528105643752 *RO-202352812549520 *RO-202352812944902 *RO-2023528135048576 *RO-2023528142018937 *RO-2023528154216282 | H15: *RO-202352982329752 *RO-20235299641390 *RO-2023529115332345 *RO-2023529115350101 *RO-202352912158415 *RO-202352912840829 *RO-20235291228419 *RO-2023529133450640 | I15: *RO-20235302627535 *RO-202353003526252 *RO-202353004748629 *RO-20235301391756 | J15: *RO-202353014153622 *RO-202353015530113 *RO-20235303059526 *RO-20235304320229 *RO-202353033337169 *RO-202353043211577 | K15: *RO-20235305816265 *RO-20235305137770 *RO-20235305477133 *RO-202353061348989 *RO-20235307228409 *RO-20235307228781 *RO-202353073446612 *RO-2353013927241 | L15: *RO-202361122118 *RO-20236114110881 *RO-20236115521289 *RO-20236115818713 *RO-2023614235570 *RO-2023614235570 *RO-2023614578647 | M15: *RO-202365171848384 *RO-202365171857110 *RO-202365171924346 *RO-20236517217657 *RO-202365172137340 *RO-20236517225925 *RO-2023651723067
C16: Number of Item(s) | D16: 17 | E16: 7 | F16: 6 | G16: 16 | H16: 8 | I16: 10 | J16: 9 | K16: 18 | L16: 11 | M16: 16
C17: Packaging Type and Size (Box/Pouch) | D17: MIXED | E17: MIXED | F17: MIXED | G17: MIXED | H17: MIXED | I17: MIXED | J17: MIXED | K17: MIXED | L17: MIXED | M17: MIXED
C18: Account & Brand | D18: Hatio | Pilmico | E18: Hatio | Pilmico | F18: Hatio | Pilmico | G18: Hatio | Pilmico | H18: Hatio | Pilmico | I18: Hatio | Pilmico | J18: Hatio | Pilmico | K18: Hatio | Pilmico | L18: Hatio | Pilmico | M18: Hatio | Pilmico
C19: Number of Order(s) per Cart | D19: 7 | E19: 7 | F19: 3 | G19: 7 | H19: 8 | I19: 4 | J19: 6 | K19: 8 | L19: 6 | M19: 7
C20: Employee Name | D20: Jay Mark, Pasiona | E20: Jay Mark, Pasiona | F20: Jay Mark, Pasiona | G20: Jay Mark, Pasiona | H20: Jay Mark, Pasiona | I20: Jay Mark, Pasiona | J20: Jay Mark, Pasiona | K20: Jay Mark, Pasiona | L20: Jay Mark, Pasiona | M20: Jay Mark, Pasiona
C21: Note/Cause of delay | D21: *Reachlift would put items down for the picker to pick easier. *QC far from Picking Locations. | E21: *Reach Lift do put items down and put it back again before getting the next item. *QC far from Picking Locations. | F21: *Reach Lift do put items down and put it back again before getting the next item. *Items Moved to other Location due to weather, it confuses the picker and the Reach Lift Operator. *QC far from Picking Locations. | G21: *Reachlift puts items down first for faster picking *Walking back to Cart *Finding Basket | H21: *Reachlift puts items down first for faster picking *Walking back to Cart *Finding Basket | J21: *Slow Device | K21: *Finding the Location *Problem with the Device | L21: *Waiting Time for Forklift
C23: PRODUCTIVITY PER ORDER | N23: AVE
C24: PERFROMANCE RATING FACTOR % | D24: 1 | E24: 1 | F24: 1 | G24: 1 | H24: 1 | I24: 1 | J24: 1 | K24: 1 | L24: 1 | M24: 1 | N24: =AVERAGE(D24:M24) -> 1
C25: ave.OBSERVED TIME(sec) | D25: =D11/D19 -> 101.12571 | E25: =E11/E19 -> 219.06429 | F25: =F11/F19 -> 281.04667 | G25: =G11/G19 -> 93.561429 | H25: =H11/H19 -> 64.81875 | I25: =I11/I19 -> 144.2775 | J25: =J11/J19 -> 122.87167 | K25: =K11/K19 -> 88.785 | ... M25: =M11/M19 -> 132.36 | N25: =AVERAGE(D25:M25) -> 147.55577
C26: NORMAL TIME = observed * PRF (sec) | D26: =D25*D24 -> 101.12571 | E26: =E25*E24 -> 219.06429 | F26: =F25*F24 -> 281.04667 | G26: =G25*G24 -> 93.561429 | H26: =H25*H24 -> 64.81875 | I26: =I25*I24 -> 144.2775 | J26: =J25*J24 -> 122.87167 | K26: =K25*K24 -> 88.785 | ... M26: =M25*M24 -> 132.36 | N26: =AVERAGE(D26:M26) -> 147.55577
C27: STANDARD TIME =Normal Time *[1+ Allowance Factor(5%)] | D27: =D26*(1+0.05) -> 106.182 | E27: =E26*(1+0.05) -> 230.0175 | F27: =F26*(1+0.05) -> 295.099 | G27: =G26*(1+0.05) -> 98.2395 | H27: =H26*(1+0.05) -> 68.059687 | I27: =I26*(1+0.05) -> 151.49138 | J27: =J26*(1+0.05) -> 129.01525 | K27: =K26*(1+0.05) -> 93.22425 | ... M27: =M26*(1+0.05) -> 138.978 | N27: =AVERAGE(D27:M27) -> 154.93356
C28: STANDARD PRODUCTIVITY PER MAN-HOUR | D28: =(D27/3600)*100 -> 2.9495 | E28: =(E27/3600)*100 -> 6.389375 | F28: =(F27/3600)*100 -> 8.1971944 | G28: =(G27/3600)*100 -> 2.728875 | H28: =(H27/3600)*100 -> 1.8905469 | I28: =(I27/3600)*100 -> 4.2080937 | J28: =(J27/3600)*100 -> 3.5837569 | K28: =(K27/3600)*100 -> 2.5895625 | ... M28: =(M27/3600)*100 -> 3.8605 | N28: =3600/N27 -> 23.235767
C30: allowance | D30: 0.05
C31: manhour | D31: 1hr = 3600sec
C33: PRODUCTIVITY PER ITEM | N33: AVE
C34: PERFROMANCE RATING FACTOR % | D34: 1 | E34: 1 | F34: 1 | G34: 1 | H34: 1 | I34: 1 | J34: 1 | K34: 1 | L34: 1 | M34: 1 | N34: =AVERAGE(D34:M34) -> 1
C35: ave.OBSERVED TIME(sec) | D35: =D11/D16 -> 41.64 | E35: =E11/E16 -> 219.06429 | F35: =F11/F16 -> 140.52333 | G35: =G11/G16 -> 40.933125 | H35: =H11/H16 -> 64.81875 | I35: =I11/I16 -> 57.711 | J35: =J11/J16 -> 81.914444 | K35: =K11/K16 -> 39.46 | ... M35: =M11/M16 -> 57.9075 | N35: =AVERAGE(D35:M35) -> 86.814335
C36: NORMAL TIME = observed * PRF (sec) | D36: =D35*D34 -> 41.64 | E36: =E35*E34 -> 219.06429 | F36: =F35*F34 -> 140.52333 | G36: =G35*G34 -> 40.933125 | H36: =H35*H34 -> 64.81875 | I36: =I35*I34 -> 57.711 | J36: =J35*J34 -> 81.914444 | K36: =K35*K34 -> 39.46 | ... M36: =M35*M34 -> 57.9075 | N36: =AVERAGE(D36:M36) -> 86.814335
C37: STANDARD TIME =Normal Time *[1+ Allowance Factor(5%)] | D37: =D36*(1+0.05) -> 43.722 | E37: =E36*(1+0.05) -> 230.0175 | F37: =F36*(1+0.05) -> 147.5495 | G37: =G36*(1+0.05) -> 42.979781 | H37: =H36*(1+0.05) -> 68.059687 | I37: =I36*(1+0.05) -> 60.59655 | J37: =J36*(1+0.05) -> 86.010167 | K37: =K36*(1+0.05) -> 41.433 | ... M37: =M36*(1+0.05) -> 60.802875 | N37: =AVERAGE(D37:M37) -> 91.155051
C38: STANDARD PRODUCTIVITY PER MAN-HOUR | N38: =3600/N37 -> 39.493149
C41: PRODUCTIVITY PER ITEM | N41: AVE
C42: PERFROMANCE RATING FACTOR % | D42: 1 | E42: 1 | F42: 1 | G42: 1 | H42: 1 | I42: 1 | J42: 1 | K42: 1 | L42: 1 | M42: 1 | N42: =AVERAGE(D42:M42) -> 1
C43: ave.OBSERVED TIME(sec) | D43: =D28/D32 -> #DIV/0! | E43: =E28/E32 -> #DIV/0! | F43: =F28/F32 -> #DIV/0! | G43: =G28/G32 -> #DIV/0! | H43: =H28/H32 -> #DIV/0! | I43: =I28/I32 -> #DIV/0! | J43: =J28/J32 -> #DIV/0! | K43: =K28/K32 -> #DIV/0! | ... M43: =M28/M32 -> #DIV/0! | N43: =AVERAGE(D43:M43) -> #DIV/0!
C44: NORMAL TIME = observed * PRF (sec) | D44: =D43*D42 -> #DIV/0! | E44: =E43*E42 -> #DIV/0! | F44: =F43*F42 -> #DIV/0! | G44: =G43*G42 -> #DIV/0! | H44: =H43*H42 -> #DIV/0! | I44: =I43*I42 -> #DIV/0! | J44: =J43*J42 -> #DIV/0! | K44: =K43*K42 -> #DIV/0! | ... M44: =M43*M42 -> #DIV/0! | N44: =AVERAGE(D44:M44) -> #DIV/0!
C45: STANDARD TIME =Normal Time *[1+ Allowance Factor(5%)] | D45: =D44*(1+0.05) -> #DIV/0! | E45: =E44*(1+0.05) -> #DIV/0! | F45: =F44*(1+0.05) -> #DIV/0! | G45: =G44*(1+0.05) -> #DIV/0! | H45: =H44*(1+0.05) -> #DIV/0! | I45: =I44*(1+0.05) -> #DIV/0! | J45: =J44*(1+0.05) -> #DIV/0! | K45: =K44*(1+0.05) -> #DIV/0! | ... M45: =M44*(1+0.05) -> #DIV/0! | N45: =AVERAGE(D45:M45) -> #DIV/0!
C46: STANDARD PRODUCTIVITY PER MAN-HOUR | N46: =3600/N45 -> #DIV/0!

Sheet PICKING-SLB
B2: TIME AND MOTION STUDY SHEET
B3: Process being observed: | E3: Observer(s): | H3: DAY/TIME of observation: | K3: Name and Designation
B4: Picking | H4: May 16, 2023 / WED / 9:06 AM - 9:16 AM
B7: Step No. | C7: Elements | D7: OBSERVED TIMES (sec) | N7: Total Observed Time | P7: AVE | Q7: MAX | R7: WEIGHT PERCENTAGE | S7: Bottleneck | T7: Improvement
D8: TRIAL 1 | E8: TRIAL 2 | F8: TRIAL 3 | G8: TRIAL 4 | H8: TRIAL 5 | I8: TRIAL 6 | J8: TRIAL 7 | K8: TRIAL 8 | L8: TRIAL 9 | M8: TRIAL 10 | N8: (10trial)
B9: 1 | C9: Picking items on Shelves -Accepting Order -Scan Basket -Find Location -Getting the Item by Reachlift -Double Check the Item -If Parts: Scan Carton Q.R. -If Chairs: Copy the SKU | D9: 449.41 | E9: 738.97 | F9: 258.17 | G9: 456.4 | H9: 738.97 | I9: 258.17 | J9: 964.75 | K9: 1792.16 | L9: 935 | M9: 814 | N9: =SUM(D9:M9) -> 7406 | P9: =AVERAGE(D9:M9) -> 740.6 | Q9: =MAX(D9:M9) -> 1792.16 | R9: =P9/$P$11 -> 0.87501034
B10: 2 | C10: Transportation of the basket on Q.C. Station | D10: 96.4 | E10: 105.01 | F10: 136.2 | G10: 96.4 | H10: 106.01 | I10: 136.2 | J10: 71.91 | K10: 65.99 | L10: 69.35 | M10: 174.43 | N10: =SUM(D10:M10) -> 1057.9 | P10: =AVERAGE(D10:M10) -> 105.79 | Q10: =MAX(D10:M10) -> 174.43 | R10: =P10/$P$11 -> 0.12498966
C11: TOTAL Observed time (Sec) | D11: =SUM(D9:D10) -> 545.81 | E11: =SUM(E9:E10) -> 843.98 | F11: =SUM(F9:F10) -> 394.37 | G11: =SUM(G9:G10) -> 552.8 | H11: =SUM(H9:H10) -> 844.98 | I11: =SUM(I9:I10) -> 394.37 | J11: =SUM(J9:J10) -> 1036.66 | K11: =SUM(K9:K10) -> 1858.15 | ... M11: =SUM(M9:M10) -> 988.43 | N11: =SUM(D11:H11) -> 3181.94 | O11: TOTAL | P11: =SUM(P9:P10) -> 846.39 | Q11: =SUM(Q9:Q10) -> 1966.59
N12: =N11/60 -> 53.032333
N13: minutes
C15: Order reference number | D15: *RO-202352971017545 | E15: *RO-202352912198144 *RO-2023529124813916 | F15: *RO-20235300388319 *RO-2023529194910177 | G15: *RO-202352971017545 | H15: *RO-2023529124813916 *RO-202352912198144 | I15: *RO-20235300388319 *RO-2023529194910177 | J15: *RO-202353111737266 *RO-202353124947850 *RO-202353135154136 *RO-20235315236936 *RO-202353152114486 *RO-20235315320934 | K15: *RO-20235317512210 *RO-202353175240171 *RO-20235318366771 *RO-2023531142248655 *RO-2023531154237447 *RO-202353120234515 | L15: *RO-202365161156311 *RO-20236516129721 *RO-202365161334659 | M15: *RO-202365161515533 *RO-20236516177571 *RO-202365162720986 *RO-20236565162824494
C16: Number of Item(s) | D16: 3 | E16: 2 | F16: 2 | G16: 3 | H16: 2 | I16: 2 | J16: 8 | K16: 7 | L16: 4 | M16: 4
C17: Packaging Type and Size (Box/Pouch) | D17: Large Items | E17: 1 Small, 1 Regular | F17: 2 Regular | G17: 3 Regular Sized Chair | H17: 1 Small 1 Regular (Chairs) | I17: 2 Regular (Chairs) | J17: 2 Regular, 1 Xl (CHAIRS) 5 Small to Medium (PARTS) | K17: 1 Xl, 2 Regular (CHAIRS) 4 Parts | L17: 1 XL, 1 Small, 1 Regular & Wipes | M17: 3 Regular, 1 XL
C18: Account & Brand | D18: Hatio | SLB | E18: Hatio | SLB | F18: Hatio | SLB | G18: Hatio | SLB | H18: Hatio | SLB | I18: Hatio | SLB | J18: Hatio | SLB | K18: Hatio | SLB | L18: Hatio | SLB | M18: Hatio | SLB
C19: Number of Orders / Pallet | D19: 1 | E19: 2 | F19: 2 | G19: 1 | H19: 2 | I19: 2 | J19: 6 | K19: 6 | L19: 3 | M19: 4
C20: Employee Name | D20: Jolo | E20: Jolo | F20: Jolo | G20: Jolo | H20: Jolo | I20: Jolo | J20: Jolo | K20: Jolo | L20: Jolo | M20: Jolo
C21: Note/Cause of delay | D21: *Finding Item *Waiting Time for Reachlift | E21: *Finding Item *Waiting Time for Reachlift | F21: *Finding Item | G21: *Finding the item | H21: *Finding the item | J21: *Finding Location | K21: *New to System *Finding Location *Order pumasok pero on Hold Item *Device is Slow | L21: *Transpo Delay because of boxes scattered on the walk area | M21: *Finding the right location
C23: PRODUCTIVITY PER ORDER | N23: AVE
C24: PERFROMANCE RATING FACTOR % | D24: 1 | E24: 1 | F24: 1 | G24: 1 | H24: 1 | I24: 1 | J24: 1 | K24: 1 | L24: 1 | M24: 1 | N24: =AVERAGE(D24:M24) -> 1
C25: ave.OBSERVED TIME(sec) | D25: =D11/D19 -> 545.81 | E25: =E11/E19 -> 421.99 | F25: =F11/F19 -> 197.185 | G25: =G11/G19 -> 552.8 | H25: =H11/H19 -> 422.49 | I25: =I11/I19 -> 197.185 | J25: =J11/J19 -> 172.77667 | K25: =K11/K19 -> 309.69167 | ... M25: =M11/M19 -> 247.1075 | N25: =AVERAGE(D25:M25) -> 340.18192
C26: NORMAL TIME = observed * PRF (sec) | D26: =D25*D24 -> 545.81 | E26: =E25*E24 -> 421.99 | F26: =F25*F24 -> 197.185 | G26: =G25*G24 -> 552.8 | H26: =H25*H24 -> 422.49 | I26: =I25*I24 -> 197.185 | J26: =J25*J24 -> 172.77667 | K26: =K25*K24 -> 309.69167 | ... M26: =M25*M24 -> 247.1075 | N26: =AVERAGE(D26:M26) -> 340.18192
C27: STANDARD TIME =Normal Time *[1+ Allowance Factor(5%)] | D27: =D26*(1+0.05) -> 573.1005 | E27: =E26*(1+0.05) -> 443.0895 | F27: =F26*(1+0.05) -> 207.04425 | G27: =G26*(1+0.05) -> 580.44 | H27: =H26*(1+0.05) -> 443.6145 | I27: =I26*(1+0.05) -> 207.04425 | J27: =J26*(1+0.05) -> 181.4155 | K27: =K26*(1+0.05) -> 325.17625 | ... M27: =M26*(1+0.05) -> 259.46287 | N27: =AVERAGE(D27:M27) -> 357.19101
C28: STANDARD PRODUCTIVITY PER MAN-HOUR | D28: =(D27/3600)*100 -> 15.919458 | E28: =(E27/3600)*100 -> 12.308042 | F28: =(F27/3600)*100 -> 5.7512292 | G28: =(G27/3600)*100 -> 16.123333 | H28: =(H27/3600)*100 -> 12.322625 | I28: =(I27/3600)*100 -> 5.7512292 | J28: =(J27/3600)*100 -> 5.0393194 | K28: =(K27/3600)*100 -> 9.0326736 | ... M28: =(M27/3600)*100 -> 7.2073021 | N28: =3600/N27 -> 10.078641
C30: allowance | D30: 0.05
C31: manhour | D31: 1hr = 3600sec
C33: PRODUCTIVITY PER ITEM | N33: AVE
C34: PERFROMANCE RATING FACTOR % | D34: 1 | E34: 1 | F34: 1 | G34: 1 | H34: 1 | I34: 1 | J34: 1 | K34: 1 | L34: 1 | M34: 1 | N34: =AVERAGE(D34:M34) -> 1
C35: ave.OBSERVED TIME(sec) | D35: =D11/D16 -> 181.93667 | E35: =E11/E16 -> 421.99 | F35: =F11/F16 -> 197.185 | G35: =G11/G16 -> 184.26667 | H35: =H11/H16 -> 422.49 | I35: =I11/I16 -> 197.185 | J35: =J11/J16 -> 129.5825 | K35: =K11/K16 -> 265.45 | L35: =L11/L16 -> 251.0875 | M35: =M20/M24 -> #VALUE! | N35: =AVERAGE(D35:M35) -> #VALUE!
C36: NORMAL TIME = observed * PRF (sec) | D36: =D35*D34 -> 181.93667 | E36: =E35*E34 -> 421.99 | F36: =F35*F34 -> 197.185 | G36: =G35*G34 -> 184.26667 | H36: =H35*H34 -> 422.49 | I36: =I35*I34 -> 197.185 | J36: =J35*J34 -> 129.5825 | K36: =K35*K34 -> 265.45 | ... M36: =M35*M34 -> #VALUE! | N36: =AVERAGE(D36:M36) -> #VALUE!
C37: STANDARD TIME =Normal Time *[1+ Allowance Factor(5%)] | D37: =D36*(1+0.05) -> 191.0335 | E37: =E36*(1+0.05) -> 443.0895 | F37: =F36*(1+0.05) -> 207.04425 | G37: =G36*(1+0.05) -> 193.48 | H37: =H36*(1+0.05) -> 443.6145 | I37: =I36*(1+0.05) -> 207.04425 | J37: =J36*(1+0.05) -> 136.06162 | K37: =K36*(1+0.05) -> 278.7225 | ... M37: =M36*(1+0.05) -> #VALUE! | N37: =AVERAGE(D37:M37) -> #VALUE!
C38: STANDARD PRODUCTIVITY PER MAN-HOUR | N38: =3600/N37 -> #VALUE!

Sheet QC 3
B2: TIME AND MOTION STUDY SHEET
B3: Process being observed: | E3: Observer(s): | H3: DAY/TIME of observation: | K3: Name and Designation
B4: Quality Checking | E4: Nichole Necio | H4: May 16, 2023 / WED / 9:06 AM - 9:16 AM
B7: Step No. | C7: Elements | D7: OBSERVED TIMES (sec) | N7: Total Observed Time | P7: AVE | Q7: MAX | R7: WEIGHT PERCENTAGE | S7: Bottleneck | T7: Improvement
D8: TRIAL 1 | E8: TRIAL 2 | F8: TRIAL 3 | G8: TRIAL 4 | H8: TRIAL 5 | I8: TRIAL 6 | J8: TRIAL 7 | K8: TRIAL 8 | L8: TRIAL 9 | M8: TRIAL 10 | N8: (10trial)
B9: 1 | C9: Picking items on Shelves -Scan Baskets -Insert Q.C. 2 Name -Insert Picker Name | D9: 69 | E9: 60.06 | F9: 113.09 | G9: 54 | H9: 25.29 | I9: 30.44 | J9: 78.33 | K9: 24.79 | L9: 27 | M9: 45.12 | N9: =SUM(D9:M9) -> 527.12 | P9: =AVERAGE(D9:M9) -> 52.712 | Q9: =MAX(D9:M9) -> 113.09 | R9: =P9/$P$10 -> 1
C10: TOTAL Observed time (Sec) | D10: =SUM(D9) -> 69 | E10: =SUM(E9) -> 60.06 | F10: =SUM(F9) -> 113.09 | G10: =SUM(G9) -> 54 | H10: =SUM(H9) -> 25.29 | I10: =SUM(I9) -> 30.44 | J10: =SUM(J9) -> 78.33 | K10: =SUM(K9) -> 24.79 | ... M10: =SUM(M9) -> 45.12 | N10: =SUM(D10:M10) -> 527.12 | O10: TOTAL | P10: =SUM(P9) -> 52.712 | Q10: =SUM(Q9) -> 113.09
N11: =N10/60 -> 8.7853333
N12: minutes
C13: Order reference number | D13: 656070521786384 | E13: 652028279609242 | F13: 651965462951374 | G13: 656120989145987 | H13: 656266105410678 | I13: 6.5623615e+15 | J13: 652173010754653 | K13: 656729378360414 | L13: 652649633251405 | M13: 656569150736047
C14: Number of Basket(s) | D14: 11 | E14: 8 | F14: 28 | G14: 11 | H14: 5 | I14: 6 | J14: 13 | K14: 7 | L14: 10 | M14: 9
C15: Packaging Type and Size (Box/Pouch) | D15: Medium | E15: Small | F15: Small | G15: Small | H15: Small | I15: Small | K15: Small | L15: Small | M15: Small
C16: Account & Brand | D16: High Jump | NIVEA | E16: High Jump | NIVEA | F16: High Jump | NIVEA | G16: High Jump | NIVEA | H16: High Jump | NIVEA | I16: High Jump | NIVEA | J16: High Jump | NIVEA | K16: High Jump | NIVEA | L16: High Jump | NIVEA | M16: High Jump | NIVEA
C17: Employee Name | D17: JC | E17: JC | F17: JC | G17: JC | H17: JC | I17: JC | J17: JC | K17: JC | L17: JC | M17: JC
C18: Note/Cause of delay | E18: *Different Q'C 's | M18: *Fixing Unstable Boxes
C20: PRODUCTIVITY PER BASKET | N20: AVE
C21: PERFROMANCE RATING FACTOR % | D21: 1 | E21: 1 | F21: 1 | G21: 1 | H21: 1 | I21: 1 | J21: 1 | K21: 1 | L21: 1 | M21: 1 | N21: =AVERAGE(D21:M21) -> 1
C22: ave.OBSERVED TIME(sec) | D22: =D10/D14 -> 6.2727273 | E22: =E10/E14 -> 7.5075 | F22: =F10/F14 -> 4.0389286 | G22: =G10/G14 -> 4.9090909 | H22: =H10/H14 -> 5.058 | I22: =I10/I14 -> 5.0733333 | J22: =J10/J14 -> 6.0253846 | K22: =K10/K14 -> 3.5414286 | ... M22: =M10/M14 -> 5.0133333 | N22: =AVERAGE(D22:M22) -> 5.0139727
C23: NORMAL TIME = observed * PRF (sec) | D23: =D22*D21 -> 6.2727273 | E23: =E22*E21 -> 7.5075 | F23: =F22*F21 -> 4.0389286 | G23: =G22*G21 -> 4.9090909 | H23: =H22*H21 -> 5.058 | I23: =I22*I21 -> 5.0733333 | J23: =J22*J21 -> 6.0253846 | K23: =K22*K21 -> 3.5414286 | ... M23: =M22*M21 -> 5.0133333 | N23: =AVERAGE(D23:M23) -> 5.0139727
C24: STANDARD TIME =Normal Time *[1+ Allowance Factor(5%)] | D24: =D23*(1+0.05) -> 6.5863636 | E24: =E23*(1+0.05) -> 7.882875 | F24: =F23*(1+0.05) -> 4.240875 | G24: =G23*(1+0.05) -> 5.1545455 | H24: =H23*(1+0.05) -> 5.3109 | I24: =I23*(1+0.05) -> 5.327 | J24: =J23*(1+0.05) -> 6.3266538 | K24: =K23*(1+0.05) -> 3.7185 | ... M24: =M23*(1+0.05) -> 5.264 | N24: =AVERAGE(D24:M24) -> 5.2646713
C25: STANDARD PRODUCTIVITY PER MAN-HOUR | N25: =3600/N24 -> 683.80338
C27: allowance | D27: 0.05
C28: manhour | D28: 1hr = 3600sec

Sheet Q.C. 
B2: TIME AND MOTION STUDY SHEET
B3: Process being observed: | E3: Observer(s): | H3: DAY/TIME of observation: | K3: Employee Name and Designation
B4: Quality Checking | E4: Hans David Wenceslao | H4: May 16, 2023 / WED / 8:45 AM - 8:48 AM | May 25, 2023
B7: Step No. | C7: Elements | D7: OBSERVED TIMES (sec) | N7: Total Observed Time | P7: AVE | Q7: MAX | R7: PERCENTAGE
D8: TRIAL 1 | E8: TRIAL 2 | F8: TRIAL 3 | G8: TRIAL 4 | H8: TRIAL 5 | I8: TRIAL 6 | J8: TRIAL 7 | K8: TRIAL 8 | L8: TRIAL 9 | M8: TRIAL 10 | N8: (10trial)
B9: 1 | C9: Check and Scan -Scan R.O. Number / Bin -Scan Product Individually | D9: 146.4 | E9: 28.41 | F9: 30.63 | G9: 25.22 | H9: 62.55 | I9: 17.11 | J9: 31.23 | K9: 76.21 | L9: 21.18 | M9: 9.64 | N9: =SUM(D9:M9) -> 448.58 | P9: =AVERAGE(D9:M9) -> 44.858 | Q9: =MAX(D9:M9) -> 146.4 | R9: =P9/$P$11 -> 0.70070918
B10: 2 | C10: Print of Waybill and Transfer to Mobile Rack | D10: 21.18 | E10: 23.05 | F10: 7.56 | G10: 17.11 | H10: 30.74 | I10: 20.12 | J10: 18.98 | K10: 23.23 | L10: 15.48 | M10: 14.15 | N10: =SUM(D10:M10) -> 191.6 | P10: =AVERAGE(D10:M10) -> 19.16 | Q10: =MAX(D10:M10) -> 30.74 | R10: =P10/$P$11 -> 0.29929082
C11: TOTAL Observed time (Sec) | D11: =SUM(D9:D10) -> 167.58 | E11: =SUM(E9:E10) -> 51.46 | F11: =SUM(F9:F10) -> 38.19 | G11: =SUM(G9:G10) -> 42.33 | H11: =SUM(H9:H10) -> 93.29 | I11: =SUM(I9:I10) -> 37.23 | J11: =SUM(J9:J10) -> 50.21 | K11: =SUM(K9:K10) -> 99.44 | ... M11: =SUM(M9:M10) -> 23.79 | N11: =SUM(D11:M11) -> 640.18 | O11: TOTAL | P11: =SUM(P9:P10) -> 64.018 | Q11: =SUM(Q9:Q10) -> 177.14 | R11: =SUM(R9:R10) -> 1
N12: =N11/60 -> 10.669667
N13: minutes
C16: QUANTITY PER WAYBILL/STORE | D16: 45 | E16: 7 | F16: 1 | G16: 3 | H16: 14 | I16: 1 | J16: 2 | K16: 2 | L16: 3 | M16: 1
C17: Order Referrence Number | D17: 230516TOSJ9WXN | E17: 230516UE341CTB | F17: 647936813731860 | G17: 648273243175364 | H17: 652071150791481 | I17: 648691674809415 | J17: 648645294554667 | K17: RO-202352313634736 | L17: 651515228002361 | M17: 655547797928654
C18: Account & Brand | D18: Hatio | Mondelez | E18: Hatio | Mondelez | F18: Hatio | Mondelez | G18: Hatio | Mondelez | H18: Hatio | Mondelez | I18: Hatio | Pilmico | J18: Hatio | Pilmico | K18: Hatio | Pilmico | L18: Hatio | Pilmico | M18: Hatio | Pilmico
C19: Employee Name | D19: JC Jayne Cruz | E19: Tochie Cagula | F19: Kirsten Ann Delaisla | G19: Jashtine Marie Pabillar | H19: Jashtine Marie Pabillar | I19: Ann Jello Ventura | J19: Ann Jello Ventura | K19: Ann Jello Ventura | L19: Tochie Cagula | M19: Tochie Cagula
C20: Note/Cause of Delays | D20: *Slow System on Scanning | E20: *Slow System on Scanning | F20: *Incorrect Product | G20: *Slow System on Scanning | H20: *Slow System on Scanning | I20: *Slow System Scanning *Laptop Keyboard has Defect | J20: *Slow System Scanning *Laptop Keyboard has Defect | K20: *Medium Sized Item *Slow System Scanning *Laptop Keyboard has Defect | L20: 3 Medium Sized Item | M20: 1 Sack or Large Sized Item
C22: PRODUCTIVITY PER WAYBILL | N22: AVE
C23: PERFROMANCE RATING FACTOR % | D23: 1 | E23: 1 | F23: 1 | G23: 1 | H23: 1 | I23: 1 | J23: 1 | K23: 1 | L23: 1 | M23: 1 | N23: =AVERAGE(D23:M23) -> 1
C24: ave.OBSERVED TIME(sec) | D24: =D11/D16 -> 3.724 | E24: =E11/E16 -> 7.3514286 | F24: =F11/F16 -> 38.19 | G24: =G11/G16 -> 14.11 | H24: =H11/H16 -> 6.6635714 | I24: =I11/I16 -> 37.23 | J24: =J11/J16 -> 25.105 | K24: =K11/K16 -> 49.72 | ... M24: =M11/M16 -> 23.79 | N24: =AVERAGE(D24:M24) -> 21.8104
C25: NORMAL TIME = observed * PRF (sec) | D25: =D24*D23 -> 3.724 | E25: =E24*E23 -> 7.3514286 | F25: =F24*F23 -> 38.19 | G25: =G24*G23 -> 14.11 | H25: =H24*H23 -> 6.6635714 | I25: =I24*I23 -> 37.23 | J25: =J24*J23 -> 25.105 | K25: =K24*K23 -> 49.72 | ... M25: =M24*M23 -> 23.79 | N25: =AVERAGE(D25:M25) -> 21.8104
C26: STANDARD TIME =Normal Time *[1+ Allowance Factor(5%)] | D26: =D25*(1+0.05) -> 3.9102 | E26: =E25*(1+0.05) -> 7.719 | F26: =F25*(1+0.05) -> 40.0995 | G26: =G25*(1+0.05) -> 14.8155 | H26: =H25*(1+0.05) -> 6.99675 | I26: =I25*(1+0.05) -> 39.0915 | J26: =J25*(1+0.05) -> 26.36025 | K26: =K25*(1+0.05) -> 52.206 | ... M26: =M25*(1+0.05) -> 24.9795 | N26: =AVERAGE(D26:M26) -> 22.90092
C27: STANDARD PRODUCTIVITY PER MAN-HOUR | D27: =(D26/3600)*100 -> 0.10861667 | E27: =(E26/3600)*100 -> 0.21441667 | F27: =(F26/3600)*100 -> 1.113875 | G27: =(G26/3600)*100 -> 0.41154167 | H27: =(H26/3600)*100 -> 0.19435417 | I27: =(I26/3600)*100 -> 1.085875 | J27: =(J26/3600)*100 -> 0.73222917 | K27: =(K26/3600)*100 -> 1.4501667 | ... M27: =(M26/3600)*100 -> 0.693875 | N27: =3600/N26 -> 157.19892
C29: allowance | D29: 0.05
C30: manhour | D30: 1hr = 3600sec

Sheet FINAL Q.C. - SLB
B2: TIME AND MOTION STUDY SHEET
B3: Process being observed: | E3: Observer(s): | H3: DAY/TIME of observation: | K3: Employee Name and Designation
B4: Quality Checking | E4: Hans David Wenceslao | H4: May 16, 2023 / WED / 8:45 AM - 8:48 AM | May 25, 2023
B7: Step No. | C7: Elements | D7: OBSERVED TIMES (sec) | N7: Total Observed Time | P7: AVE | Q7: MAX | R7: PERCENTAGE
D8: TRIAL 1 | E8: TRIAL 2 | F8: TRIAL 3 | G8: TRIAL 4 | H8: TRIAL 5 | I8: TRIAL 6 | J8: TRIAL 7 | K8: TRIAL 8 | L8: TRIAL 9 | M8: TRIAL 10 | N8: (10trial)
B9: 1 | C9: Checking -Scanning if the Waybill has the same ID's on the Picklist | D9: 85.32 | E9: 107.79 | F9: 612.24 | G9: 1683.47 | H9: 1164.38 | N9: =SUM(D9:M9) -> 3653.2 | P9: =AVERAGE(D9:M9) -> 730.64 | Q9: =MAX(D9:M9) -> 1683.47 | R9: =P9/$P$10 -> 1
C10: TOTAL Observed time (Sec) | D10: =SUM(D9) -> 85.32 | E10: =SUM(E9) -> 107.79 | F10: =SUM(F9) -> 612.24 | G10: =SUM(G9) -> 1683.47 | H10: =SUM(H9) -> 1164.38 | I10: =SUM(I9) -> 0 | J10: =SUM(J9) -> 0 | K10: =SUM(K9) -> 0 | ... M10: =SUM(M9) -> 0 | N10: =SUM(D10:M10) -> 3653.2 | O10: TOTAL | P10: =SUM(P9) -> 730.64 | Q10: =SUM(Q9) -> 1683.47 | R10: =SUM(R9) -> 1
N11: =N10/60 -> 60.886667
N12: minutes
C15: QUANTITY PER COURIER | D15: 1 | E15: 1 | F15: 6 | G15: 14 | H15: 9
C16: Order Referrence Number | D16: 230528UDYM4MSY | E16: 651046832008139 | F16: *230606KUP3TT9K *230606KTNGEWV1 *230606KTYMS11X *230606KUXMJ8FS *230605K69MSY3F *230606KY1FWFB3 | G16: *230606KWQ6MDN *65979275164687 *6597211783827021 *659772538652576 *659713598160756 *659810709948213 *659728373093898 *659794360923423 *659792502915008 *655535095529333 *655686275841722 *655606013574719 *655568291035035 *655567490572123 | H16: *230606MWKBUATK *230606MYJT79RR *230606N22USY2C *230606MCH14MR4 *230606M3HUFCVH *230606M5K40X21 *230606MWM2PT10 *230606KTKWX4U3 *230606KWF46QP5
C17: Account & Brand | D17: HATIO | SLB | E17: HATIO | SLB | F17: HATIO | SLB | G17: HATIO | SLB | H17: HATIO | SLB | I17: HATIO | SLB | J17: HATIO | SLB | K17: HATIO | SLB | L17: HATIO | SLB | M17: HATIO | SLB
C18: Employee Name | F18: Claire Jane Bongalos Rachele Rosal Lyca Parba Joan | G18: Claire Jane Bongalos Rachele Rosal Lyca Parba Joan | H18: Lyca Joan Tochi
C19: Note/Cause of Delays | D19: *Looking for Available Q.C. | E19: *Looking for Available Q.C. | F19: *Looking for Available Q.C. | G19: *Looking for Available Q.C.
C21: PRODUCTIVITY PER COURIER | N21: AVE
C22: PERFROMANCE RATING FACTOR % | D22: 1 | E22: 1 | F22: 1 | G22: 1 | H22: 1 | I22: 1 | J22: 1 | K22: 1 | L22: 1 | M22: 1 | N22: =AVERAGE(D22:M22) -> 1
C23: ave.OBSERVED TIME(sec) | D23: =D10/D15 -> 85.32 | E23: =E10/E15 -> 107.79 | F23: =F10/F15 -> 102.04 | G23: =G10/G15 -> 120.24786 | H23: =H10/H15 -> 129.37556 | I23: =I10/I15 -> #DIV/0! | J23: =J10/J15 -> #DIV/0! | K23: =K10/K15 -> #DIV/0! | ... M23: =M10/M15 -> #DIV/0! | N23: =AVERAGE(D23:M23) -> #DIV/0!
C24: NORMAL TIME = observed * PRF (sec) | D24: =D23*D22 -> 85.32 | E24: =E23*E22 -> 107.79 | F24: =F23*F22 -> 102.04 | G24: =G23*G22 -> 120.24786 | H24: =H23*H22 -> 129.37556 | I24: =I23*I22 -> #DIV/0! | J24: =J23*J22 -> #DIV/0! | K24: =K23*K22 -> #DIV/0! | ... M24: =M23*M22 -> #DIV/0! | N24: =AVERAGE(D24:M24) -> #DIV/0!
C25: STANDARD TIME =Normal Time *[1+ Allowance Factor(5%)] | D25: =D24*(1+0.05) -> 89.586 | E25: =E24*(1+0.05) -> 113.1795 | F25: =F24*(1+0.05) -> 107.142 | G25: =G24*(1+0.05) -> 126.26025 | H25: Xza | I25: =I24*(1+0.05) -> #DIV/0! | J25: =J24*(1+0.05) -> #DIV/0! | K25: =K24*(1+0.05) -> #DIV/0! | L25: =L24*(1+0.05) -> #DIV/0! | M25: =M24*(1+0.05) -> #DIV/0! | N25: =AVERAGE(D25:M25) -> #DIV/0!
C26: STANDARD PRODUCTIVITY PER MAN-HOUR | N26: =3600/N25 -> #DIV/0!
C28: allowance | D28: 0.05
C29: manhour | D29: 1hr = 3600sec

Sheet PACKING LARGE
B2: TIME AND MOTION STUDY SHEET
B3: Process being observed: | E3: Observer(s): | H3: DAY/TIME of observation: | K3: Name and Designation
B4: Packing | E4: Nichole Necio & Hans David Wenceslao | H4: May 16, 2023 / WED / 9:06 AM - 9:16 AM
B7: Step No. | C7: Elements | D7: OBSERVED TIMES (sec) | N7: Total Observed Time | P7: AVE | Q7: MAX | R7: WEIGHT PERCENTAGE | S7: Bottleneck | T7: Improvement
D8: TRIAL 1 | E8: TRIAL 2 | F8: TRIAL 3 | G8: TRIAL 4 | H8: TRIAL 5 | I8: TRIAL 6 | J8: TRIAL 7 | K8: TRIAL 8 | L8: TRIAL 9 | M8: TRIAL 10 | N8: (10trial)
B9: 1 | C9: ='11. PACKING'!C47 -> #REF! | D9: 310.76 | E9: 637.79 | F9: 648.58 | G9: 28.79 | H9: 65.57 | P9: =AVERAGE(D9:M9) -> 338.298 | Q9: =MAX(D9:M9) -> 648.58 | R9: =P9/$P$10 -> 1
C10: TOTAL Observed time (Sec) | D10: =SUM(D9) -> 310.76 | E10: =SUM(E9) -> 637.79 | F10: =SUM(F9) -> 648.58 | G10: =SUM(G9) -> 28.79 | H10: =SUM(H9) -> 65.57 | O10: TOTAL | P10: =SUM(P9) -> 338.298 | Q10: =SUM(Q9) -> 648.58
C12: Order reference number | D12: RO- 656705175292896 | E12: RO-659752371796984 | F12: RO- 659780125594449 | G12: 659679386138066 | H12: 655561617693435
C13: Packaging Type and Size (Box/Pouch) | D13: Large | E13: Large | F13: Large | G13: Large | H13: Large
C14: Number of Item(s) | D14: 2 | E14: 5 | F14: 3 | G14: 2 | H14: 2
C15: Account & Brand | D15: High Jump/ Nivea | E15: High Jump/ Nivea | F15: High Jump/ Nivea | G15: High Jump/ Nivea | H15: High Jump/ Nivea
C16: Employee Name | D16: Anthony JR. Brillantes | E16: Kimberly Mendoza | F16: Richel Jimenez | G16: Jeselina Abainsa | H16: Katya Daniela B. Nolasco
C17: Note/Cause of delay | D17: Refill Tape / Arrange Box | E17: Too Much Tape / Arrange the top with a box / No tape dispenser | F17: Finding Box / Disaassemble box / Fixing Box | G17: On call No Tape Dispenser | H17: On Call No tape dispenser
C19: PRODUCTIVITY PER ITEM | N19: AVE
C20: PERFROMANCE RATING FACTOR % | D20: 1 | E20: 1 | F20: 1 | G20: 1 | H20: 1 | I20: 1 | J20: 1 | K20: 1 | L20: 1 | M20: 1 | N20: =AVERAGE(D20:M20) -> 1
C21: ave.OBSERVED TIME(sec) | D21: =D10/D14 -> 155.38 | E21: =E10/E14 -> 127.558 | F21: =F10/F14 -> 216.19333 | G21: =G10/G14 -> 14.395 | H21: =H10/H14 -> 32.785 | I21: =I10/I14 -> #DIV/0! | J21: =J10/J14 -> #DIV/0! | K21: =K10/K14 -> #DIV/0! | ... M21: =M10/M14 -> #DIV/0! | N21: =AVERAGE(D21:M21) -> #DIV/0!
C22: NORMAL TIME = observed * PRF (sec) | D22: =D21*D20 -> 155.38 | E22: =E21*E20 -> 127.558 | F22: =F21*F20 -> 216.19333 | G22: =G21*G20 -> 14.395 | H22: =H21*H20 -> 32.785 | I22: =I21*I20 -> #DIV/0! | J22: =J21*J20 -> #DIV/0! | K22: =K21*K20 -> #DIV/0! | ... M22: =M21*M20 -> #DIV/0! | N22: =AVERAGE(D22:M22) -> #DIV/0!
C23: STANDARD TIME =Normal Time *[1+ Allowance Factor(5%)] | D23: =D22*(1+0.05) -> 163.149 | E23: =E22*(1+0.05) -> 133.9359 | F23: =F22*(1+0.05) -> 227.003 | G23: =G22*(1+0.05) -> 15.11475 | H23: =H22*(1+0.05) -> 34.42425 | I23: =I22*(1+0.05) -> #DIV/0! | J23: =J22*(1+0.05) -> #DIV/0! | K23: =K22*(1+0.05) -> #DIV/0! | ... M23: =M22*(1+0.05) -> #DIV/0! | N23: =AVERAGE(D23:M23) -> #DIV/0!
C24: STANDARD PRODUCTIVITY PER MAN-HOUR | N24: =3600/N23 -> #DIV/0!
C26: allowance | D26: 0.05
C27: manhour | D27: 1hr = 3600sec

Sheet PACKING BULKY
B2: TIME AND MOTION STUDY SHEET
B3: Process being observed: | E3: Observer(s): | H3: DAY/TIME of observation: | K3: Name and Designation
B4: Packing | E4: Nichole Necio & Hans David Wenceslao | H4: May 16, 2023 / WED / 9:06 AM - 9:16 AM
B7: Step No. | C7: Elements | D7: OBSERVED TIMES (sec) | N7: Total Observed Time | P7: AVE | Q7: MAX | R7: WEIGHT PERCENTAGE | S7: Bottleneck | T7: Improvement
D8: TRIAL 1 | E8: TRIAL 2 | F8: TRIAL 3 | G8: TRIAL 4 | H8: TRIAL 5 | I8: TRIAL 6 | J8: TRIAL 7 | K8: TRIAL 8 | L8: TRIAL 9 | M8: TRIAL 10 | N8: (10trial)
B9: 1 | C9: Pick Basket on the Pallete -Scan Basket - Pack Item - Set Aside | D9: 715.76 | E9: 712.21 | F9: 715.85 | G9: 345.23 | H9: 1036.77 | N9: =SUM(D9:H9) -> 3525.82 | P9: =AVERAGE(D9:M9) -> 705.164 | Q9: =MAX(D9:M9) -> 1036.77 | R9: =P9/$P$10 -> 1 | S9: Some of the Scanning Devices used doesn't automatically receive the SKU in the system, there are some steps they need to do before re-scanning again.
C10: TOTAL Observed time (Sec) | D10: =SUM(D9) -> 715.76 | E10: =SUM(E9) -> 712.21 | F10: =SUM(F9) -> 715.85 | G10: =SUM(G9) -> 345.23 | H10: =SUM(H9) -> 1036.77 | I10: =SUM(I9) -> 0 | J10: =SUM(J9) -> 0 | K10: =SUM(K9) -> 0 | ... M10: =SUM(M9) -> 0 | N10: =SUM(D10:H10) -> 3525.82 | O10: TOTAL | P10: =SUM(P9) -> 705.164 | Q10: =SUM(Q9) -> 1036.77
N11: =N10/60 -> 58.763667
N12: minutes
C14: Packaging Type
C15: Order reference number | D15: RO-65644918551940 | E15: RO-652497208834391 | F15: RO-652576679275976 | G15: RO-653112066062957 | H15: 655655450288554
C16: Number of Item(s) | D16: 26 | E16: 20 | F16: 44 | G16: 34 | H16: 9
C17: Number Of Orders | D17: 6 | E17: 2 | F17: 4 | G17: 16 | H17: 4
C18: Account & Brand | D18: High Jump | NIVEA | E18: High Jump | NIVEA | F18: High Jump | NIVEA | G18: High Jump | NIVEA | H18: High Jump | NIVEA
C19: Employee Name | D19: Romeo Quindo | E19: Romeo Quindo | F19: Romeo Quindo | G19: Radny | H19: Fatima Baluyot
C20: Note/Cause of delay | D20: Gets Bubble Wrap/Double Box | E20: Jammed Tape | F20: Wrong Item/ Recount Item/ Unuseable Bubble Wrap | G20: Uwrap Item/ Gets Bubble Wrap | H20: Securing Items w/ Box & Tape No Tape Dispenser
C22: PRODUCTIVITY PER ORDER | N22: AVE
C23: PERFROMANCE RATING FACTOR % | D23: 1 | E23: 1 | F23: 1 | G23: 1 | H23: 1 | I23: 1 | J23: 1 | K23: 1 | L23: 1 | M23: 1 | N23: =AVERAGE(D23:M23) -> 1
C24: ave.OBSERVED TIME(sec) | D24: =D10/D16 -> 27.529231 | E24: =E10/E16 -> 35.6105 | F24: =F10/F16 -> 16.269318 | G24: =G10/G16 -> 10.153824 | H24: =H10/H16 -> 115.19667 | I24: =I10/I16 -> #DIV/0! | J24: =J10/J16 -> #DIV/0! | K24: =K10/K16 -> #DIV/0! | ... M24: =M10/M16 -> #DIV/0! | N24: =AVERAGE(D24:M24) -> #DIV/0!
C25: NORMAL TIME = observed * PRF (sec) | D25: =D24*D23 -> 27.529231 | E25: =E24*E23 -> 35.6105 | F25: =F24*F23 -> 16.269318 | G25: =G24*G23 -> 10.153824 | H25: =H24*H23 -> 115.19667 | I25: =I24*I23 -> #DIV/0! | J25: =J24*J23 -> #DIV/0! | K25: =K24*K23 -> #DIV/0! | ... M25: =M24*M23 -> #DIV/0! | N25: =AVERAGE(D25:M25) -> #DIV/0!
C26: STANDARD TIME =Normal Time *[1+ Allowance Factor(5%)] | D26: =D25*(1+0.05) -> 28.905692 | E26: =E25*(1+0.05) -> 37.391025 | F26: =F25*(1+0.05) -> 17.082784 | G26: =G25*(1+0.05) -> 10.661515 | H26: =H25*(1+0.05) -> 120.9565 | I26: =I25*(1+0.05) -> #DIV/0! | J26: =J25*(1+0.05) -> #DIV/0! | K26: =K25*(1+0.05) -> #DIV/0! | ... M26: =M25*(1+0.05) -> #DIV/0! | N26: =AVERAGE(D26:M26) -> #DIV/0!
C27: STANDARD PRODUCTIVITY PER MAN-HOUR | N27: =3600/N26 -> #DIV/0!
C29: allowance | D29: 0.05
C30: manhour | D30: 1hr = 3600sec
C32: PRODUCTIVITY PER ITEM | N32: AVE
C33: PERFROMANCE RATING FACTOR % | D33: 1 | E33: 1 | F33: 1 | G33: 1 | H33: 1 | I33: 1 | J33: 1 | K33: 1 | L33: 1 | M33: 1 | N33: =AVERAGE(D33:M33) -> 1
C34: ave.OBSERVED TIME(sec) | D34: =D10/D16 -> 27.529231 | E34: =E10/E16 -> 35.6105 | F34: =F10/F16 -> 16.269318 | G34: =G10/G16 -> 10.153824 | H34: =H10/H16 -> 115.19667 | I34: =I19/I23 -> 0 | J34: =J19/J23 -> 0 | K34: =K19/K23 -> 0 | L34: =L19/L23 -> 0 | M34: =M19/M23 -> 0 | N34: =AVERAGE(D34:M34) -> 20.475954
C35: NORMAL TIME = observed * PRF (sec) | D35: =D34*D33 -> 27.529231 | E35: =E34*E33 -> 35.6105 | F35: =F34*F33 -> 16.269318 | G35: =G34*G33 -> 10.153824 | H35: =H34*H33 -> 115.19667 | I35: =I34*I33 -> 0 | J35: =J34*J33 -> 0 | K35: =K34*K33 -> 0 | ... M35: =M34*M33 -> 0 | N35: =AVERAGE(D35:M35) -> 20.475954
C36: STANDARD TIME =Normal Time *[1+ Allowance Factor(5%)] | D36: =D35*(1+0.05) -> 28.905692 | E36: =E35*(1+0.05) -> 37.391025 | F36: =F35*(1+0.05) -> 17.082784 | G36: =G35*(1+0.05) -> 10.661515 | H36: =H35*(1+0.05) -> 120.9565 | I36: =I35*(1+0.05) -> 0 | J36: =J35*(1+0.05) -> 0 | K36: =K35*(1+0.05) -> 0 | ... M36: =M35*(1+0.05) -> 0 | N36: =AVERAGE(D36:M36) -> 21.499752
C37: STANDARD PRODUCTIVITY PER MAN-HOUR | N37: =3600/N36 -> 167.44379
C40: PRODUCTIVITY PER ITEM | N40: AVE
C41: PERFROMANCE RATING FACTOR % | D41: 1 | E41: 1 | F41: 1 | G41: 1 | H41: 1 | I41: 1 | J41: 1 | K41: 1 | L41: 1 | M41: 1 | N41: =AVERAGE(D41:M41) -> 1
C42: ave.OBSERVED TIME(sec) | D42: =D27/D31 -> #DIV/0! | E42: =E27/E31 -> #DIV/0! | F42: =F27/F31 -> #DIV/0! | G42: =G27/G31 -> #DIV/0! | H42: =H27/H31 -> #DIV/0! | I42: =I27/I31 -> #DIV/0! | J42: =J27/J31 -> #DIV/0! | K42: =K27/K31 -> #DIV/0! | ... M42: =M27/M31 -> #DIV/0! | N42: =AVERAGE(D42:M42) -> #DIV/0!
C43: NORMAL TIME = observed * PRF (sec) | D43: =D42*D41 -> #DIV/0! | E43: =E42*E41 -> #DIV/0! | F43: =F42*F41 -> #DIV/0! | G43: =G42*G41 -> #DIV/0! | H43: =H42*H41 -> #DIV/0! | I43: =I42*I41 -> #DIV/0! | J43: =J42*J41 -> #DIV/0! | K43: =K42*K41 -> #DIV/0! | ... M43: =M42*M41 -> #DIV/0! | N43: =AVERAGE(D43:M43) -> #DIV/0!
C44: STANDARD TIME =Normal Time *[1+ Allowance Factor(5%)] | D44: =D43*(1+0.05) -> #DIV/0! | E44: =E43*(1+0.05) -> #DIV/0! | F44: =F43*(1+0.05) -> #DIV/0! | G44: =G43*(1+0.05) -> #DIV/0! | H44: =H43*(1+0.05) -> #DIV/0! | I44: =I43*(1+0.05) -> #DIV/0! | J44: =J43*(1+0.05) -> #DIV/0! | K44: =K43*(1+0.05) -> #DIV/0! | ... M44: =M43*(1+0.05) -> #DIV/0! | N44: =AVERAGE(D44:M44) -> #DIV/0!
C45: STANDARD PRODUCTIVITY PER MAN-HOUR | N45: =3600/N44 -> #DIV/0!

Sheet Q.C.-SLB
B2: TIME AND MOTION STUDY SHEET
B3: Process being observed: | E3: Observer(s): | H3: DAY/TIME of observation: | K3: Employee Name and Designation
B4: Quality Checking | E4: Hans David Wenceslao | H4: May 16, 2023 / WED / 8:45 AM - 8:48 AM | May 25, 2023
B7: Step No. | C7: Elements | D7: OBSERVED TIMES (sec) | N7: Total Observed Time | P7: AVE | Q7: MAX | R7: PERCENTAGE
D8: TRIAL 1 | E8: TRIAL 2 | F8: TRIAL 3 | G8: TRIAL 4 | H8: TRIAL 5 | I8: TRIAL 6 | J8: TRIAL 7 | K8: TRIAL 8 | L8: TRIAL 9 | M8: TRIAL 10 | N8: (10trial)
B9: 1 | C9: Getting the Picklist to the Processor | N9: =SUM(D9:M9) -> 0 | P9: =AVERAGE(D9:M9) -> #DIV/0! | Q9: =MAX(D9:M9) -> 0 | R9: =P9/$P$12 -> #DIV/0!
B10: 2 | C10: Double Check if the Item is Same on the Picklist | N10: =SUM(D10:M10) -> 0 | P10: =AVERAGE(D10:M10) -> #DIV/0! | Q10: =MAX(D10:M10) -> 0 | R10: =P10/$P$12 -> #DIV/0!
B11: 3 | C11: Printing of Waybill
C12: TOTAL Observed time (Sec) | D12: =SUM(D9:D11) -> 0 | E12: =SUM(E9:E11) -> 0 | F12: =SUM(F9:F11) -> 0 | G12: =SUM(G9:G11) -> 0 | H12: =SUM(H9:H11) -> 0 | I12: =SUM(I9:I11) -> 0 | J12: =SUM(J9:J11) -> 0 | K12: =SUM(K9:K11) -> 0 | ... M12: =SUM(M9:M11) -> 0 | N12: =SUM(D12:M12) -> 0 | O12: TOTAL | P12: =SUM(P9:P10) -> #DIV/0! | Q12: =SUM(Q9:Q10) -> 0 | R12: =SUM(R9:R10) -> #DIV/0!
N13: =N12/60 -> 0
N14: minutes
C17: QUANTITY PER WAYBILL/STORE | D17: 45 | E17: 7 | F17: 1 | G17: 3 | H17: 14 | I17: 1 | J17: 2 | K17: 2 | L17: 3 | M17: 1
C18: Order Referrence Number | D18: 230516TOSJ9WXN | E18: 230516UE341CTB | F18: 647936813731860 | G18: 648273243175364 | H18: 652071150791481 | I18: 648691674809415 | J18: 648645294554667 | K18: RO-202352313634736 | L18: 651515228002361 | M18: 655547797928654
C19: Account & Brand | D19: Hatio | Mondelez | E19: Hatio | Mondelez | F19: Hatio | Mondelez | G19: Hatio | Mondelez | H19: Hatio | Mondelez | I19: Hatio | Pilmico | J19: Hatio | Pilmico | K19: Hatio | Pilmico | L19: Hatio | Pilmico | M19: Hatio | Pilmico
C20: Employee Name | D20: JC Jayne Cruz | E20: Tochie Cagula | F20: Kirsten Ann Delaisla | G20: Jashtine Marie Pabillar | H20: Jashtine Marie Pabillar | I20: Ann Jello Ventura | J20: Ann Jello Ventura | K20: Ann Jello Ventura | L20: Tochie Cagula | M20: Tochie Cagula
C21: Note/Cause of Delays | D21: *Slow System on Scanning | E21: *Slow System on Scanning | F21: *Incorrect Product | G21: *Slow System on Scanning | H21: *Slow System on Scanning | I21: *Slow System Scanning *Laptop Keyboard has Defect | J21: *Slow System Scanning *Laptop Keyboard has Defect | K21: *Medium Sized Item *Slow System Scanning *Laptop Keyboard has Defect | L21: 3 Medium Sized Item | M21: 1 Sack or Large Sized Item
C23: PRODUCTIVITY PER WAYBILL | N23: AVE
C24: PERFROMANCE RATING FACTOR % | D24: 1 | E24: 1 | F24: 1 | G24: 1 | H24: 1 | I24: 1 | J24: 1 | K24: 1 | L24: 1 | M24: 1 | N24: =AVERAGE(D24:M24) -> 1
C25: ave.OBSERVED TIME(sec) | D25: =D12/D17 -> 0 | E25: =E12/E17 -> 0 | F25: =F12/F17 -> 0 | G25: =G12/G17 -> 0 | H25: =H12/H17 -> 0 | I25: =I12/I17 -> 0 | J25: =J12/J17 -> 0 | K25: =K12/K17 -> 0 | ... M25: =M12/M17 -> 0 | N25: =AVERAGE(D25:M25) -> 0
C26: NORMAL TIME = observed * PRF (sec) | D26: =D25*D24 -> 0 | E26: =E25*E24 -> 0 | F26: =F25*F24 -> 0 | G26: =G25*G24 -> 0 | H26: =H25*H24 -> 0 | I26: =I25*I24 -> 0 | J26: =J25*J24 -> 0 | K26: =K25*K24 -> 0 | ... M26: =M25*M24 -> 0 | N26: =AVERAGE(D26:M26) -> 0
C27: STANDARD TIME =Normal Time *[1+ Allowance Factor(5%)] | D27: =D26*(1+0.05) -> 0 | E27: =E26*(1+0.05) -> 0 | F27: =F26*(1+0.05) -> 0 | G27: =G26*(1+0.05) -> 0 | H27: =H26*(1+0.05) -> 0 | I27: =I26*(1+0.05) -> 0 | J27: =J26*(1+0.05) -> 0 | K27: =K26*(1+0.05) -> 0 | ... M27: =M26*(1+0.05) -> 0 | N27: =AVERAGE(D27:M27) -> 0
C28: STANDARD PRODUCTIVITY PER MAN-HOUR | N28: =3600/N27 -> #DIV/0!
C30: allowance | D30: 0.05
C31: manhour | D31: 1hr = 3600sec

Sheet PACKING-SLB
B2: TIME AND MOTION STUDY SHEET
B3: Process being observed: | E3: Observer(s): | H3: DAY/TIME of observation: | K3: Employee Name and Designation
B4: Packaging | E4: Hans David Wenceslao | H4: May 16, 2023 / WED / 10:15 AM - 11:06 AM
B7: Step No. | C7: Elements | D7: OBSERVED TIMES (sec) | N7: Total Observed Time | P7: AVE | Q7: MAX | R7: PERCENTAGE
D8: TRIAL 1 | E8: TRIAL 2 | F8: TRIAL 3 | G8: TRIAL 4 | H8: TRIAL 5 | I8: TRIAL 6 | J8: TRIAL 7 | K8: TRIAL 8 | L8: TRIAL 9 | M8: TRIAL 10 | N8: (10trial)
B9: 1 | C9: Packaging Process If Chairs: -Wrap w/ Jack Wrap -Putting Pieces of Carton per Side -Wrapping it Up Again -Putting Waybill | D9: 3351.14 | E9: 195.72 | F9: 350.64 | G9: 362.77 | H9: 308.66 | I9: 999.11 | J9: 216.54 | K9: 89.51 | L9: 67.29 | M9: 90.23 | N9: =SUM(D9:M9) -> 6031.61 | P9: =AVERAGE(D9:M9) -> 603.161 | Q9: =MAX(D9:M9) -> 3351.14 | R9: =P9/$P$10 -> 1
C10: TOTAL Observed time (Sec) | D10: =SUM(D9) -> 3351.14 | E10: =SUM(E9) -> 195.72 | F10: =SUM(F9) -> 350.64 | G10: =SUM(G9) -> 362.77 | H10: =SUM(H9) -> 308.66 | I10: =SUM(I9) -> 999.11 | J10: =SUM(J9) -> 216.54 | K10: =SUM(K9) -> 89.51 | ... M10: =SUM(M9) -> 90.23 | N10: =SUM(D10:M10) -> 6031.61 | O10: TOTAL | P10: =SUM(P9) -> 603.161 | Q10: =SUM(Q9) -> 3351.14 | R10: =SUM(R9) -> 1
N11: =N10/60 -> 100.52683
N12: minutes
C14: QUANTITY PER WAYBILL/STORE | D14: 1 | E14: 1 | F14: 1 | G14: 1 | H14: 2 | I14: 2 | J14: 1 | K14: 1 | L14: 1 | M14: 1
C15: Order Referrence Number | D15: 230528UDYM4MSY | E15: 651046832008139 | F15: 656381310326727 | G15: 65895234256772 | H15: 657090395070602 | I15: 230606KTYMS11X | J15: 2306D5K69MSY3F | K15: 655535095529333 | L15: 655706284255091 | M15: 655582036159987
C16: Account & Brand | D16: Hatio | SLB | E16: Hatio | SLB | F16: Hatio | SLB | G16: Hatio | SLB | H16: Hatio | SLB | I16: Hatio | SLB | J16: Hatio | SLB | K16: Hatio | SLB | L16: Hatio | SLB | M16: Hatio | SLB
C17: Size | D17: Large | E17: Medium | F17: Large | G17: Large | H17: Medium | I17: Large | J17: Small | K17: Large | L17: Large | M17: Large
C18: Employee Name | D18: Jolo | E18: Jolo | F18: Jolo | G18: Jolo | H18: jerome | I18: Jolo | J18: Jolo | K18: Abadanio, Darren P Estrera, Juan Arthur T. | L18: Jolo | M18: Abadanio, Darren P Estrera, Juan Arthur T.
C19: Note/Cause of Delays | F19: *Making Support for the Box | G19: *Making Support for the Box | H19: *Cutting Box for Support | I19: *Lack of Personels *10 Mins Delay for Helping Others | K19: New Workers | M19: New Workers
C21: PRODUCTIVITY PER WAYBILL | N21: AVE
C22: PERFROMANCE RATING FACTOR % | D22: 1 | E22: 1 | F22: 1 | G22: 1 | H22: 1 | I22: 1 | J22: 1 | K22: 1 | L22: 1 | M22: 1 | N22: =AVERAGE(D22:M22) -> 1
C23: ave.OBSERVED TIME(sec) | D23: =D10/D14 -> 3351.14 | E23: =E10/E14 -> 195.72 | F23: =F10/F14 -> 350.64 | G23: =G10/G14 -> 362.77 | H23: =H10/H14 -> 154.33 | I23: =I10/I14 -> 499.555 | J23: =J10/J14 -> 216.54 | K23: =K10/K14 -> 89.51 | ... M23: =M10/M14 -> 90.23 | N23: =AVERAGE(D23:M23) -> 537.7725
C24: NORMAL TIME = observed * PRF (sec) | D24: =D23*D22 -> 3351.14 | E24: =E23*E22 -> 195.72 | F24: =F23*F22 -> 350.64 | G24: =G23*G22 -> 362.77 | H24: =H23*H22 -> 154.33 | I24: =I23*I22 -> 499.555 | J24: =J23*J22 -> 216.54 | K24: =K23*K22 -> 89.51 | ... M24: =M23*M22 -> 90.23 | N24: =AVERAGE(D24:M24) -> 537.7725
C25: STANDARD TIME =Normal Time *[1+ Allowance Factor(5%)] | D25: =D24*(1+0.05) -> 3518.697 | E25: =E24*(1+0.05) -> 205.506 | F25: =F24*(1+0.05) -> 368.172 | G25: =G24*(1+0.05) -> 380.9085 | H25: =H24*(1+0.05) -> 162.0465 | I25: =I24*(1+0.05) -> 524.53275 | J25: =J24*(1+0.05) -> 227.367 | K25: =K24*(1+0.05) -> 93.9855 | ... M25: =M24*(1+0.05) -> 94.7415 | N25: =AVERAGE(D25:M25) -> 564.66112
C26: STANDARD PRODUCTIVITY PER MAN-HOUR | D26: =(D25/3600)*100 -> 97.741583 | E26: =(E25/3600)*100 -> 5.7085 | F26: =(F25/3600)*100 -> 10.227 | G26: =(G25/3600)*100 -> 10.580792 | H26: =(H25/3600)*100 -> 4.5012917 | I26: =(I25/3600)*100 -> 14.570354 | J26: =(J25/3600)*100 -> 6.31575 | K26: =(K25/3600)*100 -> 2.6107083 | ... M26: =(M25/3600)*100 -> 2.6317083 | N26: =3600/N25 -> 6.3755053
C28: allowance | D28: 0.05
C29: manhour | D29: 1hr = 3600sec

Sheet PACKING-MON
B2: TIME AND MOTION STUDY SHEET
B3: Process being observed: | E3: Observer(s): | H3: DAY/TIME of observation: | K3: Employee Name and Designation
B4: Packaging | E4: Hans David Wenceslao | H4: May 16, 2023 / WED / 10:15 AM - 11:06 AM
B7: Step No. | C7: Elements | D7: OBSERVED TIMES (sec) | N7: Total Observed Time | P7: AVE | Q7: MAX | R7: PERCENTAGE
D8: TRIAL 1 | E8: TRIAL 2 | F8: TRIAL 3 | G8: TRIAL 4 | H8: TRIAL 5 | I8: TRIAL 6 | J8: TRIAL 7 | K8: TRIAL 8 | L8: TRIAL 9 | M8: TRIAL 10 | N8: (10trial)
B9: 1 | C9: Picking Basket from Mobile Rack | D9: 10.25 | E9: 31.75 | F9: 6.16 | G9: 13.06 | H9: 6.97 | I9: 6 | N9: =SUM(D9:M9) -> 74.19 | P9: =AVERAGE(D9:M9) -> 12.365 | Q9: =MAX(D9:M9) -> 31.75 | R9: =P9/$P$13 -> 0.061045806
B10: 2 | C10: Box Assembly | D10: 10.32 | E10: 15.37 | F10: 17.28 | G10: 71 | H10: 21.49 | I10: 27.87 | J10: 12.04 | L10: 8.27 | M10: 43.25 | N10: =SUM(D10:M10) -> 226.89 | P10: =AVERAGE(D10:M10) -> 25.21 | Q10: =MAX(D10:M10) -> 71 | R10: =P10/$P$13 -> 0.12446136
B11: 3 | C11: Packaging Process -Wrap w/ Jack Wrap -Wrap w/ Bubble Wrap -Placing Items inside the Box -Sealing the Box -Wrap the Box w/ Jack Wrap -Put Waybill | D11: 109.31 | E11: 91.74 | F11: 82.28 | G11: 245.34 | H11: 101.72 | I11: 36.65 | J11: 33.12 | K11: 62.19 | L11: 69.15 | M11: 30.36 | N11: =SUM(D11:M11) -> 861.86 | P11: =AVERAGE(D11:N11) -> 156.70182 | Q11: =MAX(D11:N11) -> 861.86 | R11: =P11/$P$13 -> 0.77363435
B12: 4 | C12: Transfer or Set aside Packed Items for Dispatch | D12: 7.21 | E12: 2.34 | F12: 5.16 | G12: 6.08 | H12: 5.37 | I12: 2.41 | J12: 4.7 | K12: 27.87 | L12: 10.47 | M12: 11.15 | N12: =SUM(D12:M12) -> 82.76 | P12: =AVERAGE(D12:M12) -> 8.276 | Q12: =MAX(D12:M12) -> 27.87 | R12: =P12/$P$13 -> 0.040858479
C13: TOTAL Observed time (Sec) | D13: =SUM(D9:D12) -> 137.09 | E13: =SUM(E9:E12) -> 141.2 | F13: =SUM(F9:F12) -> 110.88 | G13: =SUM(G9:G12) -> 335.48 | H13: =SUM(H9:H12) -> 135.55 | I13: =SUM(I9:I12) -> 72.93 | J13: =SUM(J9:J12) -> 49.86 | K13: =SUM(K9:K12) -> 90.06 | ... M13: =SUM(M9:M12) -> 84.76 | N13: =SUM(D13:M13) -> 1245.7 | O13: TOTAL | P13: =SUM(P9:P12) -> 202.55282 | Q13: =SUM(Q9:Q12) -> 992.48 | R13: =SUM(R9:R12) -> 1
N14: =N13/60 -> 20.761667
N15: minutes
C17: QUANTITY PER WAYBILL/STORE | D17: 7 | E17: 7 | F17: 25 | G17: 7 | H17: 6 | I17: 3 | J17: 3 | K17: 39 | L17: 2 | M17: 6
C18: Order Referrence Number | D18: 230516UE341CTB | E18: 230516UDHYTC7D | F18: 230516UEE9P2VW | G18: 230516TW9U8H55 | H18: 230523DTVH0HSV | I18: 655325319524048 | J18: 651254097112946 | K18: 655285973868641 | L18: 650999288324878 | M18: 651012032668798
C19: Account & Brand | D19: Hatio | Mondelez | E19: Hatio | Mondelez | F19: Hatio | Mondelez | G19: Hatio | Mondelez | H19: Hatio | Mondelez | I19: Hatio | Mondelez | J19: Hatio | Mondelez | K19: Hatio | Mondelez | L19: Hatio | Mondelez | M19: Hatio | Mondelez
C20: Size | D20: Small | E20: Medium | F20: Small | G20: Medium | H20: Small Box | I20: Small Box | J20: Small Box | K20: Medium Box | L20: Small Box | M20: Small Box
C21: Employee Name | D21: James Carlo Ranola | E21: Kenneth Senido | F21: Ken Patrick Bardonia | G21: Zeus Manalo | H21: James Carlo Ranola | I21: Jerome Quilala | J21: Anel Gundaya | K21: Anel Gundaya | L21: Junel Adorna | M21: Junel Adorna
C22: Note/Cause of Delays | E22: Unfamiliar w/ Equipment Placement | G22: Need to use 2 boxes | H22: *Packing Process Changes | J22: *Baskets are in stack, ready on the Packing stations | K22: *Baskets already on the Packing stations *Box already made | L22: *Baskets are in stack, ready on the Packing stations | M22: *Baskets are in stack, ready on the Packing stations
C24: PRODUCTIVITY PER WAYBILL | N24: AVE
C25: PERFROMANCE RATING FACTOR % | D25: 1 | E25: 1 | F25: 1 | G25: 1 | H25: 1 | I25: 1 | J25: 1 | K25: 1 | L25: 1 | M25: 1 | N25: =AVERAGE(D25:M25) -> 1
C26: ave.OBSERVED TIME(sec) | D26: =D13/D17 -> 19.584286 | E26: =E13/E17 -> 20.171429 | F26: =F13/F17 -> 4.4352 | G26: =G13/G17 -> 47.925714 | H26: =H13/H17 -> 22.591667 | I26: =I13/I17 -> 24.31 | J26: =J13/J17 -> 16.62 | K26: =K13/K17 -> 2.3092308 | ... M26: =M13/M17 -> 14.126667 | N26: =AVERAGE(D26:M26) -> 21.601919
C27: NORMAL TIME = observed * PRF (sec) | D27: =D26*D25 -> 19.584286 | E27: =E26*E25 -> 20.171429 | F27: =F26*F25 -> 4.4352 | G27: =G26*G25 -> 47.925714 | H27: =H26*H25 -> 22.591667 | I27: =I26*I25 -> 24.31 | J27: =J26*J25 -> 16.62 | K27: =K26*K25 -> 2.3092308 | ... M27: =M26*M25 -> 14.126667 | N27: =AVERAGE(D27:M27) -> 21.601919
C28: STANDARD TIME =Normal Time *[1+ Allowance Factor(5%)] | D28: =D27*(1+0.05) -> 20.5635 | E28: =E27*(1+0.05) -> 21.18 | F28: =F27*(1+0.05) -> 4.65696 | G28: =G27*(1+0.05) -> 50.322 | H28: =H27*(1+0.05) -> 23.72125 | I28: =I27*(1+0.05) -> 25.5255 | J28: =J27*(1+0.05) -> 17.451 | K28: =K27*(1+0.05) -> 2.4246923 | ... M28: =M27*(1+0.05) -> 14.833 | N28: =AVERAGE(D28:M28) -> 22.682015
C29: STANDARD PRODUCTIVITY PER MAN-HOUR | D29: =(D28/3600)*100 -> 0.57120833 | E29: =(E28/3600)*100 -> 0.58833333 | F29: =(F28/3600)*100 -> 0.12936 | G29: =(G28/3600)*100 -> 1.3978333 | H29: =(H28/3600)*100 -> 0.65892361 | I29: =(I28/3600)*100 -> 0.70904167 | J29: =(J28/3600)*100 -> 0.48475 | K29: =(K28/3600)*100 -> 0.067352564 | ... M29: =(M28/3600)*100 -> 0.41202778 | N29: =3600/N28 -> 158.71606
C31: allowance | D31: 0.05
C32: manhour | D32: 1hr = 3600sec

Sheet PACKING-PILMICO
B2: TIME AND MOTION STUDY SHEET
B3: Process being observed: | E3: Observer(s): | H3: DAY/TIME of observation: | K3: Employee Name and Designation
B4: Packaging | E4: Hans David Wenceslao | H4: May 16, 2023 / WED / 10:15 AM - 11:06 AM
B7: Step No. | C7: Elements | D7: OBSERVED TIMES (sec) | N7: Total Observed Time | P7: AVE | Q7: MAX | R7: PERCENTAGE
D8: TRIAL 1 | E8: TRIAL 2 | F8: TRIAL 3 | G8: TRIAL 4 | H8: TRIAL 5 | I8: TRIAL 6 | J8: TRIAL 7 | K8: TRIAL 8 | L8: TRIAL 9 | M8: TRIAL 10 | N8: (10trial)
B9: 1 | C9: Picking Basket from Mobile Rack | D9: 9.97 | E9: 10.17 | F9: 70 | G9: 4.99 | H9: 5.76 | I9: 51.61 | J9: 5.61 | K9: 17.82 | L9: 26.34 | M9: 6.6 | N9: =SUM(D9:M9) -> 208.87 | P9: =AVERAGE(D9:M9) -> 20.887 | Q9: =MAX(D9:M9) -> 70 | R9: =P9/$P$12 -> 0.083072493
B10: 2 | C10: Packaging Process -Wrap w/ Jack Wrap -Wrap w/ Bubble Wrap -Placing Items inside the Box -Sealing the Box -Wrap the Box w/ Jack Wrap -Put Waybill | D10: 127 | E10: 99.19 | F10: 462.4 | G10: 95.32 | H10: 118.34 | I10: 161.18 | J10: 84.43 | K10: 160.21 | L10: 473.78 | M10: 438.51 | N10: =SUM(D10:M10) -> 2220.36 | P10: =AVERAGE(D10:M10) -> 222.036 | Q10: =MAX(D10:M10) -> 473.78 | R10: =P10/$P$12 -> 0.8830892
B11: 3 | C11: Transfer or Set aside Packed Items for Dispatch | D11: 5.57 | E11: 11.66 | F11: 9.62 | G11: 2.47 | H11: 2.81 | I11: 7.49 | J11: 3.88 | K11: 7.56 | L11: 17.7 | M11: 16.32 | N11: =SUM(D11:M11) -> 85.08 | P11: =AVERAGE(D11:M11) -> 8.508 | Q11: =MAX(D11:M11) -> 17.7 | R11: =P11/$P$12 -> 0.03383831
C12: TOTAL Observed time (Sec) | D12: =SUM(D9:D11) -> 142.54 | E12: =SUM(E9:E11) -> 121.02 | F12: =SUM(F9:F11) -> 542.02 | G12: =SUM(G9:G11) -> 102.78 | H12: =SUM(H9:H11) -> 126.91 | I12: =SUM(I9:I11) -> 220.28 | J12: =SUM(J9:J11) -> 93.92 | K12: =SUM(K9:K11) -> 185.59 | ... M12: =SUM(M9:M11) -> 461.43 | N12: =SUM(D12:M12) -> 2514.31 | O12: TOTAL | P12: =SUM(P9:P11) -> 251.431 | Q12: =SUM(Q9:Q11) -> 561.48 | R12: =SUM(R9:R11) -> 1
N13: =N12/60 -> 41.905167
N14: minutes
C15: QUANTITY PER WAYBILL/STORE | D15: 1 | E15: 1 | F15: 2 | G15: 2 | H15: 4 | I15: 1 | J15: 1 | K15: 10 | L15: 1 | M15: 2
C16: Order Referrence Number | D16: 652172591274821 | E16: 64920026182542 | F16: 230523DTRTQQ39 | G16: 649443455330491 | H16: 649523800629723 | I16: 2305303H2N8YQM | J16: 2305303C706DH7 | K16: 230528U4XMN8P7 | L16: 23053035TSNU7F | M16: 23053039VWE9SS
C17: Account & Brand | D17: Hatio | Pilmico | E17: Hatio | Pilmico | F17: Hatio | Pilmico | G17: Hatio | Pilmico | H17: Hatio | Pilmico | I17: Hatio | Pilmico | J17: Hatio | Pilmico | K17: Hatio | Pilmico | L17: Hatio | Pilmico | M17: Hatio | Pilmico
C18: Size | D18: Small | E18: Small | F18: Large | G18: Small | H18: Medium | I18: Large | J18: Small | K18: Small 500 | L18: Large 20 Kilos | M18: Large 7 Kilos
C19: Employee Name | D19: Junel Adorna | E19: Estacio Albert | F19: Jolo | G19: Jolo | H19: Jolo | I19: Junel Adorna | J19: Junel Adorna | K19: Junel Adorna | L19: Junel Adorna | M19: Junel Adorna
C20: Note/Cause of Delays | D20: *No Box ASSEMBLY *Bubble Wrap Only | E20: *No Box ASSEMBLY *Bubble Wrap Only | F20: *Inutusan *Changing of Tapes *Assembling 2 Box Together | G20: *No Box Assembly | H20: *Tape Refill | I20: *Lack of Box | K20: *Uses Box (Box Assembly) * Different type of Packing | L20: *Refill Jackwrap *Not Enough Box to Wrap *Transfer to Staging Area | M20: *Different Type of Packing *Refill of Tape *Transfer to Staging Area
C23: PRODUCTIVITY PER WAYBILL | N23: AVE
C24: PERFROMANCE RATING FACTOR % | D24: 1 | E24: 1 | F24: 1 | G24: 1 | H24: 1 | I24: 1 | J24: 1 | K24: 1 | L24: 1 | M24: 1 | N24: =AVERAGE(D24:M24) -> 1
C25: ave.OBSERVED TIME(sec) | D25: =D12/D15 -> 142.54 | E25: =E12/E15 -> 121.02 | F25: =F12/F15 -> 271.01 | G25: =G12/G15 -> 51.39 | H25: =H12/H15 -> 31.7275 | I25: =I12/I15 -> 220.28 | J25: =J12/J15 -> 93.92 | K25: =K12/K15 -> 18.559 | ... M25: =M12/M15 -> 230.715 | N25: =AVERAGE(D25:M25) -> 169.89815
C26: NORMAL TIME = observed * PRF (sec) | D26: =D25*D24 -> 142.54 | E26: =E25*E24 -> 121.02 | F26: =F25*F24 -> 271.01 | G26: =G25*G24 -> 51.39 | H26: =H25*H24 -> 31.7275 | I26: =I25*I24 -> 220.28 | J26: =J25*J24 -> 93.92 | K26: =K25*K24 -> 18.559 | ... M26: =M25*M24 -> 230.715 | N26: =AVERAGE(D26:M26) -> 169.89815
C27: STANDARD TIME =Normal Time *[1+ Allowance Factor(5%)] | D27: =D26*(1+0.05) -> 149.667 | E27: =E26*(1+0.05) -> 127.071 | F27: =F26*(1+0.05) -> 284.5605 | G27: =G26*(1+0.05) -> 53.9595 | H27: =H26*(1+0.05) -> 33.313875 | I27: =I26*(1+0.05) -> 231.294 | J27: =J26*(1+0.05) -> 98.616 | K27: =K26*(1+0.05) -> 19.48695 | ... M27: =M26*(1+0.05) -> 242.25075 | N27: =AVERAGE(D27:M27) -> 178.39306
C28: STANDARD PRODUCTIVITY PER MAN-HOUR | D28: =(D27/3600)*100 -> 4.1574167 | E28: =(E27/3600)*100 -> 3.52975 | F28: =(F27/3600)*100 -> 7.9044583 | G28: =(G27/3600)*100 -> 1.498875 | H28: =(H27/3600)*100 -> 0.92538542 | I28: =(I27/3600)*100 -> 6.4248333 | J28: =(J27/3600)*100 -> 2.7393333 | K28: =(K27/3600)*100 -> 0.54130417 | ... M28: =(M27/3600)*100 -> 6.7291875 | N28: =3600/N27 -> 20.180158
C30: allowance | D30: 0.05
C31: manhour | D31: 1hr = 3600sec

Sheet CANCEL
B2: TIME AND MOTION STUDY SHEET
B3: Process being observed: | E3: Observer(s): | H3: DAY/TIME of observation: | K3: Employee Name and Designation
B4: CANCEL | E4: Hans David Wenceslao | H4: May 16, 2023 / WED / 10:15 AM - 11:06 AM
B7: Step No. | C7: Elements | D7: OBSERVED TIMES (sec) | N7: Total Observed Time | P7: AVE | Q7: MAX | R7: PERCENTAGE
D8: TRIAL 1 | E8: TRIAL 2 | F8: TRIAL 3 | G8: TRIAL 4 | H8: TRIAL 5 | I8: TRIAL 6 | J8: TRIAL 7 | K8: TRIAL 8 | L8: TRIAL 9 | M8: TRIAL 10 | N8: (10trial)
B9: 1 | C9: Picking Basket from Mobile Rack | D9: 10.25 | E9: 31.75 | F9: 6.16 | G9: 13.06 | N9: =SUM(D9:M9) -> 61.22 | P9: =AVERAGE(D9:M9) -> 15.305 | Q9: =MAX(D9:M9) -> 31.75 | R9: =P9/$P$13 -> 0.084482164
B10: 2 | C10: Box Assembly | D10: 10.32 | E10: 15.37 | F10: 17.28 | G10: 71 | N10: =SUM(D10:M10) -> 113.97 | P10: =AVERAGE(D10:M10) -> 28.4925 | Q10: =MAX(D10:M10) -> 71 | R10: =P10/$P$13 -> 0.15727593
B11: 3 | C11: Packaging Process -Wrap w/ Jack Wrap -Wrap w/ Bubble Wrap -Placing Items inside the Box -Sealing the Box -Wrap the Box w/ Jack Wrap -Put Waybill | D11: 109.31 | E11: 91.74 | F11: 82.28 | G11: 245.34 | P11: =AVERAGE(D11:M11) -> 132.1675 | Q11: =MAX(D11:M11) -> 245.34 | R11: =P11/$P$13 -> 0.7295522
B12: 4 | C12: Transfer or Set aside Packed Items for Dispatch | D12: 7.21 | E12: 2.34 | F12: 5.16 | G12: 6.08 | N12: =SUM(D12:M12) -> 20.79 | P12: =AVERAGE(D12:M12) -> 5.1975 | Q12: =MAX(D12:M12) -> 7.21 | R12: =P12/$P$13 -> 0.028689712
C13: TOTAL Observed time (Sec) | D13: =SUM(D9:D12) -> 137.09 | E13: =SUM(E9:E12) -> 141.2 | F13: =SUM(F9:F12) -> 110.88 | G13: =SUM(G9:G12) -> 335.48 | H13: =SUM(H9:H12) -> 0 | I13: =SUM(I9:I12) -> 0 | J13: =SUM(J9:J12) -> 0 | K13: =SUM(K9:K12) -> 0 | ... M13: =SUM(M9:M12) -> 0 | N13: =SUM(D13:M13) -> 724.65 | O13: TOTAL | P13: =SUM(P9:P12) -> 181.1625 | Q13: =SUM(Q9:Q12) -> 355.3 | R13: =SUM(R9:R12) -> 1
N14: =N13/60 -> 12.0775
N15: minutes
C17: QUANTITY PER WAYBILL/STORE | D17: 1 | E17: 1 | F17: 1 | G17: 1
C18: Order Referrence Number
C19: Account & Brand | D19: Hatio | Mondelez | E19: Hatio | Mondelez | F19: Hatio | Mondelez | G19: Hatio | Mondelez | H19: Hatio | Mondelez | I19: Hatio | Mondelez | J19: Hatio | Mondelez | K19: Hatio | Mondelez | L19: Hatio | Mondelez | M19: Hatio | Mondelez
C20: Size | D20: Small | E20: Medium | F20: Small | G20: Medium
C21: Employee Name | D21: James Carlo Ranola | E21: Kenneth Senido | F21: Ken Patrick Bardonia | G21: Zeus Manalo
C22: Note/Cause of Delays
C24: PRODUCTIVITY PER WAYBILL | N24: AVE
C25: PERFROMANCE RATING FACTOR % | D25: 1 | E25: 1 | F25: 1 | G25: 1 | H25: 1 | I25: 1 | J25: 1 | K25: 1 | L25: 1 | M25: 1 | N25: =AVERAGE(D25:M25) -> 1
C26: ave.OBSERVED TIME(sec) | D26: =D13/D17 -> 137.09 | E26: =E13/E17 -> 141.2 | F26: =F13/F17 -> 110.88 | G26: =G13/G17 -> 335.48 | H26: =H13/H17 -> #DIV/0! | I26: =I13/I17 -> #DIV/0! | J26: =J13/J17 -> #DIV/0! | K26: =K13/K17 -> #DIV/0! | ... M26: =M13/M17 -> #DIV/0! | N26: =AVERAGE(D26:M26) -> #DIV/0!
C27: NORMAL TIME = observed * PRF (sec) | D27: =D26*D25 -> 137.09 | E27: =E26*E25 -> 141.2 | F27: =F26*F25 -> 110.88 | G27: =G26*G25 -> 335.48 | H27: =H26*H25 -> #DIV/0! | I27: =I26*I25 -> #DIV/0! | J27: =J26*J25 -> #DIV/0! | K27: =K26*K25 -> #DIV/0! | ... M27: =M26*M25 -> #DIV/0! | N27: =AVERAGE(D27:M27) -> #DIV/0!
C28: STANDARD TIME =Normal Time *[1+ Allowance Factor(5%)] | D28: =D27*(1+0.05) -> 143.9445 | E28: =E27*(1+0.05) -> 148.26 | F28: =F27*(1+0.05) -> 116.424 | G28: =G27*(1+0.05) -> 352.254 | H28: =H27*(1+0.05) -> #DIV/0! | I28: =I27*(1+0.05) -> #DIV/0! | J28: =J27*(1+0.05) -> #DIV/0! | K28: =K27*(1+0.05) -> #DIV/0! | ... M28: =M27*(1+0.05) -> #DIV/0! | N28: =AVERAGE(D28:M28) -> #DIV/0!
C29: STANDARD PRODUCTIVITY PER MAN-HOUR | N29: =3600/N28 -> #DIV/0!
C31: allowance | D31: 0.05
C32: manhour | D32: 1hr = 3600sec

Sheet RETURNS
B2: TIME AND MOTION STUDY SHEET
B3: Process being observed: | E3: Observer(s): | H3: DAY/TIME of observation: | K3: Employee Name and Designation
B4: Returns | E4: Hans David Wenceslao | H4: May 16, 2023 / WED / 10:15 AM - 11:06 AM
B7: Step No. | C7: Elements | D7: OBSERVED TIMES (sec) | N7: Total Observed Time | P7: AVE | Q7: MAX | R7: PERCENTAGE
D8: TRIAL 1 | E8: TRIAL 2 | F8: TRIAL 3 | G8: TRIAL 4 | H8: TRIAL 5 | I8: TRIAL 6 | J8: TRIAL 7 | K8: TRIAL 8 | L8: TRIAL 9 | M8: TRIAL 10 | N8: (10trial)
B9: 1 | C9: Create Return Order -Insert Order ID then Create Return Order -Copy Release Order then Go to Return and Upload a Photo of the Actual Returned Product | N9: =SUM(D9:M9) -> 0 | P9: =AVERAGE(D9:M9) -> #DIV/0! | Q9: =MAX(D9:M9) -> 0 | R9: =P9/$P$13 -> #DIV/0!
B10: 2 | C10: Receiving Order -Click Order Receive then Click Arrived, then Assign a Warehouse | N10: =SUM(D10:M10) -> 0 | P10: =AVERAGE(D10:M10) -> #DIV/0! | Q10: =MAX(D10:M10) -> 0 | R10: =P10/$P$13 -> #DIV/0!
B11: 3 | C11: Unloading Order -Type the Actual Quantity and Check SKU to Check the Expiration Date -Check SKU to Check the Expiration Date | P11: =AVERAGE(D11:M11) -> #DIV/0! | Q11: =MAX(D11:M11) -> 0 | R11: =P11/$P$13 -> #DIV/0!
B12: 4 | C12: Putaway -Go to Putaway -Click Customer Return -Check Loaction and Carton ID -Putting Back Actual Items | N12: =SUM(D12:M12) -> 0 | P12: =AVERAGE(D12:M12) -> #DIV/0! | Q12: =MAX(D12:M12) -> 0 | R12: =P12/$P$13 -> #DIV/0!
C13: TOTAL Observed time (Sec) | D13: =SUM(D9:D12) -> 0 | E13: =SUM(E9:E12) -> 0 | F13: =SUM(F9:F12) -> 0 | G13: =SUM(G9:G12) -> 0 | H13: =SUM(H9:H12) -> 0 | I13: =SUM(I9:I12) -> 0 | J13: =SUM(J9:J12) -> 0 | K13: =SUM(K9:K12) -> 0 | ... M13: =SUM(M9:M12) -> 0 | N13: =SUM(D13:M13) -> 0 | O13: TOTAL | P13: =SUM(P9:P12) -> #DIV/0! | Q13: =SUM(Q9:Q12) -> 0 | R13: =SUM(R9:R12) -> #DIV/0!
N14: =N13/60 -> 0
N15: minutes
C17: QUANTITY PER WAYBILL/STORE
C18: Order Referrence Number
C19: Account & Brand
C20: Size
C21: Employee Name
C22: Note/Cause of Delays
C24: PRODUCTIVITY PER WAYBILL | N24: AVE
C25: PERFROMANCE RATING FACTOR % | D25: 1 | E25: 1 | F25: 1 | G25: 1 | H25: 1 | I25: 1 | J25: 1 | K25: 1 | L25: 1 | M25: 1 | N25: =AVERAGE(D25:M25) -> 1
C26: ave.OBSERVED TIME(sec) | D26: =D13/D17 -> #DIV/0! | E26: =E13/E17 -> #DIV/0! | F26: =F13/F17 -> #DIV/0! | G26: =G13/G17 -> #DIV/0! | H26: =H13/H17 -> #DIV/0! | I26: =I13/I17 -> #DIV/0! | J26: =J13/J17 -> #DIV/0! | K26: =K13/K17 -> #DIV/0! | ... M26: =M13/M17 -> #DIV/0! | N26: =AVERAGE(D26:M26) -> #DIV/0!
C27: NORMAL TIME = observed * PRF (sec) | D27: =D26*D25 -> #DIV/0! | E27: =E26*E25 -> #DIV/0! | F27: =F26*F25 -> #DIV/0! | G27: =G26*G25 -> #DIV/0! | H27: =H26*H25 -> #DIV/0! | I27: =I26*I25 -> #DIV/0! | J27: =J26*J25 -> #DIV/0! | K27: =K26*K25 -> #DIV/0! | ... M27: =M26*M25 -> #DIV/0! | N27: =AVERAGE(D27:M27) -> #DIV/0!
C28: STANDARD TIME =Normal Time *[1+ Allowance Factor(5%)] | D28: =D27*(1+0.05) -> #DIV/0! | E28: =E27*(1+0.05) -> #DIV/0! | F28: =F27*(1+0.05) -> #DIV/0! | G28: =G27*(1+0.05) -> #DIV/0! | H28: =H27*(1+0.05) -> #DIV/0! | I28: =I27*(1+0.05) -> #DIV/0! | J28: =J27*(1+0.05) -> #DIV/0! | K28: =K27*(1+0.05) -> #DIV/0! | ... M28: =M27*(1+0.05) -> #DIV/0! | N28: =AVERAGE(D28:M28) -> #DIV/0!
C29: STANDARD PRODUCTIVITY PER MAN-HOUR | N29: =3600/N28 -> #DIV/0!
C31: allowance | D31: 0.05
C32: manhour | D32: 1hr = 3600sec
